{"kd_tree_not_leaf_node": [{"hrect": [[30.414521, 103.666301], [30.875846, 104.408181]], "left_nodeptr": 2, "right_nodeptr": 1}, {"hrect": [[30.653417, 103.666301], [30.875846, 104.408181]], "left_nodeptr": -1, "right_nodeptr": -1}, {"hrect": [[30.414521, 103.666301], [30.653417, 104.408181]], "left_nodeptr": -1, "right_nodeptr": -1}], "idx_gps": [[30.675398, 104.06201], [30.633459, 103.996009]], "sum_matrix": [[7494, 2844], [2937, 7494]]}