{"kd_tree_not_leaf_node": [{"hrect": [[30.479673, 103.663199], [30.889543, 104.40875]], "left_nodeptr": 2, "right_nodeptr": 1}, {"hrect": [[30.655069, 103.663199], [30.889543, 104.40875]], "left_nodeptr": -1, "right_nodeptr": -1}, {"hrect": [[30.479673, 103.663199], [30.655069, 104.40875]], "left_nodeptr": -1, "right_nodeptr": -1}], "idx_gps": [[30.674806, 104.071599], [30.633698, 104.070651]], "sum_matrix": [[7324, 2383], [2713, 7324]]}