{"kd_tree_not_leaf_node": [{"hrect": [[30.309317, 103.622878], [30.99521, 104.304807]], "left_nodeptr": 2, "right_nodeptr": 1}, {"hrect": [[30.651069, 103.622878], [30.99521, 104.304807]], "left_nodeptr": -1, "right_nodeptr": -1}, {"hrect": [[30.309317, 103.622878], [30.651069, 104.304807]], "left_nodeptr": -1, "right_nodeptr": -1}], "idx_gps": [[30.673006, 104.137475], [30.627623, 104.138446]], "sum_matrix": [[8078, 2860], [2903, 8078]]}