{"kd_tree_not_leaf_node": [{"hrect": [[30.33216, 103.5156], [30.975355, 104.467484]], "left_nodeptr": 2, "right_nodeptr": 1}, {"hrect": [[30.653186, 103.5156], [30.975355, 104.467484]], "left_nodeptr": -1, "right_nodeptr": -1}, {"hrect": [[30.33216, 103.5156], [30.653186, 104.467484]], "left_nodeptr": -1, "right_nodeptr": -1}], "idx_gps": [[30.675573, 104.060232], [30.632883, 104.103189]], "sum_matrix": [[9954, 3604], [3687, 9954]]}