{"kd_tree_not_leaf_node": [{"hrect": [[30.410619, 103.589532], [30.993433, 104.304169]], "left_nodeptr": 2, "right_nodeptr": 1}, {"hrect": [[30.652477, 103.589532], [30.993433, 104.304169]], "left_nodeptr": -1, "right_nodeptr": -1}, {"hrect": [[30.410619, 103.589532], [30.652477, 104.304169]], "left_nodeptr": -1, "right_nodeptr": -1}], "idx_gps": [[30.672942, 104.067371], [30.629613, 104.053016]], "sum_matrix": [[8920, 3004], [3462, 8920]]}