{"kd_tree_not_leaf_node": [{"hrect": [[30.379251, 103.657299], [30.966624, 104.554921]], "left_nodeptr": 2, "right_nodeptr": 1}, {"hrect": [[30.653089, 103.657299], [30.966624, 104.554921]], "left_nodeptr": -1, "right_nodeptr": -1}, {"hrect": [[30.379251, 103.657299], [30.653089, 104.554921]], "left_nodeptr": -1, "right_nodeptr": -1}], "idx_gps": [[30.673953, 104.021703], [30.633402, 104.058538]], "sum_matrix": [[8695, 3220], [3200, 8695]]}