{"kd_tree_not_leaf_node": [{"hrect": [[30.464882, 103.69247], [30.950246, 104.422738]], "left_nodeptr": 2, "right_nodeptr": 1}, {"hrect": [[30.653349, 103.69247], [30.950246, 104.422738]], "left_nodeptr": -1, "right_nodeptr": -1}, {"hrect": [[30.464882, 103.69247], [30.653349, 104.422738]], "left_nodeptr": -1, "right_nodeptr": -1}], "idx_gps": [[30.679322, 104.121775], [30.630381, 104.153676]], "sum_matrix": [[5451, 1941], [1834, 5451]]}