{"kd_tree_not_leaf_node": [{"hrect": [[30.4015, 103.839024], [30.97816, 104.543525]], "left_nodeptr": 2, "right_nodeptr": 1}, {"hrect": [[30.653358, 103.839024], [30.97816, 104.543525]], "left_nodeptr": -1, "right_nodeptr": -1}, {"hrect": [[30.4015, 103.839024], [30.653358, 104.543525]], "left_nodeptr": -1, "right_nodeptr": -1}], "idx_gps": [[30.673933, 104.048631], [30.631769, 104.0026]], "sum_matrix": [[7561, 2394], [2542, 7561]]}