{"kd_tree_not_leaf_node": [{"hrect": [[30.480003, 103.818263], [30.947789, 104.394676]], "left_nodeptr": 2, "right_nodeptr": 1}, {"hrect": [[30.653136, 103.818263], [30.947789, 104.394676]], "left_nodeptr": -1, "right_nodeptr": -1}, {"hrect": [[30.480003, 103.818263], [30.653136, 104.394676]], "left_nodeptr": -1, "right_nodeptr": -1}], "idx_gps": [[30.674962, 104.082052], [30.628435, 104.06652]], "sum_matrix": [[7770, 2526], [2555, 7770]]}