{"kd_tree_not_leaf_node": [{"hrect": [[30.411313, 103.739798], [30.995468, 104.426095]], "left_nodeptr": 2, "right_nodeptr": 1}, {"hrect": [[30.655493, 103.739798], [30.995468, 104.426095]], "left_nodeptr": -1, "right_nodeptr": -1}, {"hrect": [[30.411313, 103.739798], [30.655493, 104.426095]], "left_nodeptr": -1, "right_nodeptr": -1}], "idx_gps": [[30.679975, 103.991068], [30.633413, 104.038601]], "sum_matrix": [[5151, 1882], [1935, 5150]]}