{"kd_tree_not_leaf_node": [{"hrect": [[30.447529, 103.823331], [30.978232, 104.432354]], "left_nodeptr": 2, "right_nodeptr": 1}, {"hrect": [[30.65287, 103.823331], [30.978232, 104.432354]], "left_nodeptr": -1, "right_nodeptr": -1}, {"hrect": [[30.447529, 103.823331], [30.65287, 104.432354]], "left_nodeptr": -1, "right_nodeptr": -1}], "idx_gps": [[30.673449, 104.084664], [30.63071, 104.039386]], "sum_matrix": [[8112, 2820], [2989, 8111]]}