{"kd_tree_not_leaf_node": [{"hrect": [[30.420041, 103.827531], [30.95471, 104.566136]], "left_nodeptr": 2, "right_nodeptr": 1}, {"hrect": [[30.65294, 103.827531], [30.95471, 104.566136]], "left_nodeptr": -1, "right_nodeptr": -1}, {"hrect": [[30.420041, 103.827531], [30.65294, 104.566136]], "left_nodeptr": -1, "right_nodeptr": -1}], "idx_gps": [[30.675263, 104.069837], [30.629379, 104.048865]], "sum_matrix": [[6804, 2234], [2122, 6804]]}