{"kd_tree_not_leaf_node": [{"hrect": [[30.475141, 103.801615], [30.969906, 104.294755]], "left_nodeptr": 2, "right_nodeptr": 1}, {"hrect": [[30.653937, 103.801615], [30.969906, 104.294755]], "left_nodeptr": -1, "right_nodeptr": -1}, {"hrect": [[30.475141, 103.801615], [30.653937, 104.294755]], "left_nodeptr": -1, "right_nodeptr": -1}], "idx_gps": [[30.675736, 104.070331], [30.628377, 104.046027]], "sum_matrix": [[6921, 2085], [2095, 6921]]}