{"kd_tree_not_leaf_node": [{"hrect": [[30.371327, 103.825571], [30.993088, 104.335864]], "left_nodeptr": 2, "right_nodeptr": 1}, {"hrect": [[30.651937, 103.825571], [30.993088, 104.335864]], "left_nodeptr": -1, "right_nodeptr": -1}, {"hrect": [[30.371327, 103.825571], [30.651937, 104.335864]], "left_nodeptr": -1, "right_nodeptr": -1}], "idx_gps": [[30.672737, 104.005664], [30.628695, 104.146076]], "sum_matrix": [[7534, 2325], [2743, 7534]]}