{"kd_tree_not_leaf_node": [{"hrect": [[30.42158, 103.692561], [30.975896, 104.311935]], "left_nodeptr": 2, "right_nodeptr": 1}, {"hrect": [[30.653136, 103.692561], [30.975896, 104.311935]], "left_nodeptr": -1, "right_nodeptr": -1}, {"hrect": [[30.42158, 103.692561], [30.653136, 104.311935]], "left_nodeptr": -1, "right_nodeptr": -1}], "idx_gps": [[30.678168, 104.048598], [30.630881, 104.046184]], "sum_matrix": [[6034, 2151], [2175, 6034]]}