{"kd_tree_not_leaf_node": [{"hrect": [[30.436481, 103.460005], [30.884365, 104.307704]], "left_nodeptr": 2, "right_nodeptr": 1}, {"hrect": [[30.653434, 103.460005], [30.884365, 104.307704]], "left_nodeptr": -1, "right_nodeptr": -1}, {"hrect": [[30.436481, 103.460005], [30.653434, 104.307704]], "left_nodeptr": -1, "right_nodeptr": -1}], "idx_gps": [[30.673605, 104.055641], [30.632322, 104.154697]], "sum_matrix": [[8869, 3297], [3463, 8869]]}