{"kd_tree_not_leaf_node": [{"hrect": [[30.492599, 103.598298], [30.991263, 104.408056]], "left_nodeptr": 2, "right_nodeptr": 1}, {"hrect": [[30.654137, 103.598298], [30.991263, 104.408056]], "left_nodeptr": -1, "right_nodeptr": -1}, {"hrect": [[30.492599, 103.598298], [30.654137, 104.408056]], "left_nodeptr": -1, "right_nodeptr": -1}], "idx_gps": [[30.678287, 104.074935], [30.630343, 104.094867]], "sum_matrix": [[6097, 2082], [2164, 6097]]}