{"kd_tree_not_leaf_node": [{"hrect": [[30.445575, 103.286537], [30.989143, 104.426632]], "left_nodeptr": 2, "right_nodeptr": 1}, {"hrect": [[30.652171, 103.286537], [30.989143, 104.426632]], "left_nodeptr": -1, "right_nodeptr": -1}, {"hrect": [[30.445575, 103.286537], [30.652171, 104.426632]], "left_nodeptr": -1, "right_nodeptr": -1}], "idx_gps": [[30.67401, 104.058881], [30.632382, 104.001948]], "sum_matrix": [[10383, 3966], [3897, 10383]]}