{"kd_tree_not_leaf_node": [{"hrect": [[30.433674, 103.696983], [30.890025, 104.309599]], "left_nodeptr": 2, "right_nodeptr": 1}, {"hrect": [[30.652957, 103.696983], [30.890025, 104.309599]], "left_nodeptr": -1, "right_nodeptr": -1}, {"hrect": [[30.433674, 103.696983], [30.652957, 104.309599]], "left_nodeptr": -1, "right_nodeptr": -1}], "idx_gps": [[30.673715, 104.055858], [30.629476, 104.096745]], "sum_matrix": [[7319, 2713], [2710, 7319]]}