{"kd_tree_not_leaf_node": [{"hrect": [[30.481896, 103.642958], [30.980074, 104.294641]], "left_nodeptr": 2, "right_nodeptr": 1}, {"hrect": [[30.653895, 103.642958], [30.980074, 104.294641]], "left_nodeptr": -1, "right_nodeptr": -1}, {"hrect": [[30.481896, 103.642958], [30.653895, 104.294641]], "left_nodeptr": -1, "right_nodeptr": -1}], "idx_gps": [[30.675889, 104.051959], [30.62852, 104.044629]], "sum_matrix": [[8037, 2691], [2709, 8037]]}