{"kd_tree_not_leaf_node": [{"hrect": [[30.430847, 103.573881], [30.813809, 104.488188]], "left_nodeptr": 2, "right_nodeptr": 1}, {"hrect": [[30.65449, 103.573881], [30.813809, 104.488188]], "left_nodeptr": -1, "right_nodeptr": -1}, {"hrect": [[30.430847, 103.573881], [30.65449, 104.488188]], "left_nodeptr": -1, "right_nodeptr": -1}], "idx_gps": [[30.675535, 103.997349], [30.63357, 104.092283]], "sum_matrix": [[7030, 2336], [2449, 7030]]}