{"kd_tree_not_leaf_node": [{"hrect": [[30.384649, 103.535405], [30.866343, 104.451864]], "left_nodeptr": 2, "right_nodeptr": 1}, {"hrect": [[30.655065, 103.535405], [30.866343, 104.451864]], "left_nodeptr": -1, "right_nodeptr": -1}, {"hrect": [[30.384649, 103.535405], [30.655065, 104.451864]], "left_nodeptr": -1, "right_nodeptr": -1}], "idx_gps": [[30.675471, 104.070366], [30.633668, 104.028103]], "sum_matrix": [[6858, 2297], [2612, 6858]]}