{"kd_tree_not_leaf_node": [{"hrect": [[30.41018, 103.82092], [30.984116, 104.283256]], "left_nodeptr": 2, "right_nodeptr": 1}, {"hrect": [[30.653168, 103.82092], [30.984116, 104.283256]], "left_nodeptr": -1, "right_nodeptr": -1}, {"hrect": [[30.41018, 103.82092], [30.653168, 104.283256]], "left_nodeptr": -1, "right_nodeptr": -1}], "idx_gps": [[30.67419, 103.999087], [30.633427, 104.076002]], "sum_matrix": [[9715, 3521], [3616, 9715]]}