{"kd_tree_not_leaf_node": [{"hrect": [[30.388727, 103.791509], [30.879628, 104.294624]], "left_nodeptr": 2, "right_nodeptr": 1}, {"hrect": [[30.653134, 103.791509], [30.879628, 104.294624]], "left_nodeptr": -1, "right_nodeptr": -1}, {"hrect": [[30.388727, 103.791509], [30.653134, 104.294624]], "left_nodeptr": -1, "right_nodeptr": -1}], "idx_gps": [[30.672849, 103.998844], [30.632182, 104.035484]], "sum_matrix": [[8179, 2995], [3109, 8179]]}