{"kd_tree_not_leaf_node": [{"hrect": [[30.343215, 103.673273], [30.991136, 104.269669]], "left_nodeptr": 2, "right_nodeptr": 1}, {"hrect": [[30.650762, 103.673273], [30.991136, 104.269669]], "left_nodeptr": -1, "right_nodeptr": -1}, {"hrect": [[30.343215, 103.673273], [30.650762, 104.269669]], "left_nodeptr": -1, "right_nodeptr": -1}], "idx_gps": [[30.678637, 104.080984], [30.629031, 104.143957]], "sum_matrix": [[2857, 1453], [821, 2857]]}