{"kd_tree_not_leaf_node": [{"hrect": [[30.385927, 103.623854], [30.996485, 104.250785]], "left_nodeptr": 2, "right_nodeptr": 1}, {"hrect": [[30.653895, 103.623854], [30.996485, 104.250785]], "left_nodeptr": -1, "right_nodeptr": -1}, {"hrect": [[30.385927, 103.623854], [30.653895, 104.250785]], "left_nodeptr": -1, "right_nodeptr": -1}], "idx_gps": [[30.673849, 104.073748], [30.63268, 104.001947]], "sum_matrix": [[7379, 2655], [2683, 7378]]}