{"kd_tree_not_leaf_node": [{"hrect": [[30.388177, 103.693681], [30.925792, 104.255956]], "left_nodeptr": 2, "right_nodeptr": 1}, {"hrect": [[30.653363, 103.693681], [30.925792, 104.255956]], "left_nodeptr": -1, "right_nodeptr": -1}, {"hrect": [[30.388177, 103.693681], [30.653363, 104.255956]], "left_nodeptr": -1, "right_nodeptr": -1}], "idx_gps": [[30.676459, 104.074277], [30.628387, 104.075169]], "sum_matrix": [[6766, 1984], [2049, 6766]]}