{"kd_tree_not_leaf_node": [{"hrect": [[30.485861, 103.723035], [30.984041, 104.389503]], "left_nodeptr": 2, "right_nodeptr": 1}, {"hrect": [[30.652149, 103.723035], [30.984041, 104.389503]], "left_nodeptr": -1, "right_nodeptr": -1}, {"hrect": [[30.485861, 103.723035], [30.652149, 104.389503]], "left_nodeptr": -1, "right_nodeptr": -1}], "idx_gps": [[30.679369, 104.069024], [30.629649, 104.142203]], "sum_matrix": [[2742, 1215], [809, 2742]]}