{"kd_tree_not_leaf_node": [{"hrect": [[30.4787, 103.64373], [30.991179, 104.408181]], "left_nodeptr": 2, "right_nodeptr": 1}, {"hrect": [[30.653887, 103.64373], [30.991179, 104.408181]], "left_nodeptr": -1, "right_nodeptr": -1}, {"hrect": [[30.4787, 103.64373], [30.653887, 104.408181]], "left_nodeptr": -1, "right_nodeptr": -1}], "idx_gps": [[30.672993, 104.057708], [30.633703, 104.070402]], "sum_matrix": [[7699, 2814], [3045, 7699]]}