{"kd_tree_not_leaf_node": [{"hrect": [[30.425007, 103.696988], [30.996235, 104.481491]], "left_nodeptr": 2, "right_nodeptr": 1}, {"hrect": [[30.652544, 103.696988], [30.996235, 104.481491]], "left_nodeptr": -1, "right_nodeptr": -1}, {"hrect": [[30.425007, 103.696988], [30.652544, 104.481491]], "left_nodeptr": -1, "right_nodeptr": -1}], "idx_gps": [[30.67396, 103.992976], [30.6322, 104.096436]], "sum_matrix": [[9787, 3627], [3724, 9787]]}