{"kd_tree_not_leaf_node": [{"hrect": [[30.476059, 103.850853], [30.954179, 104.4487]], "left_nodeptr": 2, "right_nodeptr": 1}, {"hrect": [[30.653556, 103.850853], [30.954179, 104.4487]], "left_nodeptr": -1, "right_nodeptr": -1}, {"hrect": [[30.476059, 103.850853], [30.653556, 104.4487]], "left_nodeptr": -1, "right_nodeptr": -1}], "idx_gps": [[30.672649, 104.047998], [30.634282, 104.041699]], "sum_matrix": [[9276, 3453], [3340, 9276]]}