{"kd_tree_not_leaf_node": [{"hrect": [[30.435291, 103.637812], [31.009923, 104.358949]], "left_nodeptr": 2, "right_nodeptr": 1}, {"hrect": [[30.653561, 103.637812], [31.009923, 104.358949]], "left_nodeptr": -1, "right_nodeptr": -1}, {"hrect": [[30.435291, 103.637812], [30.653561, 104.358949]], "left_nodeptr": -1, "right_nodeptr": -1}], "idx_gps": [[30.673298, 104.01632], [30.63379, 104.066444]], "sum_matrix": [[9517, 3300], [3474, 9517]]}