{"kd_tree_not_leaf_node": [{"hrect": [[30.424847, 103.591988], [30.993277, 104.33018]], "left_nodeptr": 2, "right_nodeptr": 1}, {"hrect": [[30.653478, 103.591988], [30.993277, 104.33018]], "left_nodeptr": -1, "right_nodeptr": -1}, {"hrect": [[30.424847, 103.591988], [30.653478, 104.33018]], "left_nodeptr": -1, "right_nodeptr": -1}], "idx_gps": [[30.674318, 104.135155], [30.634362, 104.058408]], "sum_matrix": [[7651, 2762], [3018, 7651]]}