{"kd_tree_not_leaf_node": [{"hrect": [[30.391692, 103.803594], [30.990603, 104.325394]], "left_nodeptr": 2, "right_nodeptr": 1}, {"hrect": [[30.65172, 103.803594], [30.990603, 104.325394]], "left_nodeptr": -1, "right_nodeptr": -1}, {"hrect": [[30.391692, 103.803594], [30.65172, 104.325394]], "left_nodeptr": -1, "right_nodeptr": -1}], "idx_gps": [[30.672432, 104.064865], [30.628607, 104.163822]], "sum_matrix": [[8493, 2905], [3285, 8493]]}