{"kd_tree_not_leaf_node": [{"hrect": [[30.424286, 103.615069], [30.993825, 104.320455]], "left_nodeptr": 2, "right_nodeptr": 1}, {"hrect": [[30.652171, 103.615069], [30.993825, 104.320455]], "left_nodeptr": -1, "right_nodeptr": -1}, {"hrect": [[30.424286, 103.615069], [30.652171, 104.320455]], "left_nodeptr": -1, "right_nodeptr": -1}], "idx_gps": [[30.672965, 104.063222], [30.627356, 104.143614]], "sum_matrix": [[8404, 2737], [2984, 8404]]}