{"kd_tree_not_leaf_node": [{"hrect": [[30.414682, 103.526756], [30.992111, 104.405242]], "left_nodeptr": 2, "right_nodeptr": 1}, {"hrect": [[30.653417, 103.526756], [30.992111, 104.405242]], "left_nodeptr": -1, "right_nodeptr": -1}, {"hrect": [[30.414682, 103.526756], [30.653417, 104.405242]], "left_nodeptr": -1, "right_nodeptr": -1}], "idx_gps": [[30.673708, 104.017639], [30.632922, 104.066416]], "sum_matrix": [[9685, 3311], [3364, 9685]]}