{"kd_tree_not_leaf_node": [{"hrect": [[30.39332, 103.694411], [30.89202, 104.32512]], "left_nodeptr": 2, "right_nodeptr": 1}, {"hrect": [[30.653392, 103.694411], [30.89202, 104.32512]], "left_nodeptr": -1, "right_nodeptr": -1}, {"hrect": [[30.39332, 103.694411], [30.653392, 104.32512]], "left_nodeptr": -1, "right_nodeptr": -1}], "idx_gps": [[30.674965, 103.999064], [30.625833, 104.144823]], "sum_matrix": [[6780, 1859], [2113, 6779]]}