{"kd_tree_not_leaf_node": [{"hrect": [[30.415789, 103.624202], [31.000897, 104.313567]], "left_nodeptr": 2, "right_nodeptr": 1}, {"hrect": [[30.650454, 103.624202], [31.000897, 104.313567]], "left_nodeptr": -1, "right_nodeptr": -1}, {"hrect": [[30.415789, 103.624202], [30.650454, 104.313567]], "left_nodeptr": -1, "right_nodeptr": -1}], "idx_gps": [[30.672147, 104.123869], [30.623874, 104.071924]], "sum_matrix": [[7286, 1994], [2191, 7285]]}