{"kd_tree_not_leaf_node": [{"hrect": [[30.466314, 103.544662], [30.963239, 104.408006]], "left_nodeptr": 2, "right_nodeptr": 1}, {"hrect": [[30.652978, 103.544662], [30.963239, 104.408006]], "left_nodeptr": -1, "right_nodeptr": -1}, {"hrect": [[30.466314, 103.544662], [30.652978, 104.408006]], "left_nodeptr": -1, "right_nodeptr": -1}], "idx_gps": [[30.672395, 104.076636], [30.63169, 104.066795]], "sum_matrix": [[8315, 3033], [3382, 8314]]}