{"kd_tree_not_leaf_node": [{"hrect": [[30.378585, 103.691165], [30.968289, 104.40805]], "left_nodeptr": 2, "right_nodeptr": 1}, {"hrect": [[30.653992, 103.691165], [30.968289, 104.40805]], "left_nodeptr": -1, "right_nodeptr": -1}, {"hrect": [[30.378585, 103.691165], [30.653992, 104.40805]], "left_nodeptr": -1, "right_nodeptr": -1}], "idx_gps": [[30.673297, 103.98505], [30.634951, 103.998817]], "sum_matrix": [[8971, 3203], [3321, 8971]]}