{"kd_tree_not_leaf_node": [{"hrect": [[30.479651, 103.704163], [30.938524, 104.303262]], "left_nodeptr": 2, "right_nodeptr": 1}, {"hrect": [[30.652692, 103.704163], [30.938524, 104.303262]], "left_nodeptr": -1, "right_nodeptr": -1}, {"hrect": [[30.479651, 103.704163], [30.652692, 104.303262]], "left_nodeptr": -1, "right_nodeptr": -1}], "idx_gps": [[30.674516, 104.049246], [30.62942, 104.142046]], "sum_matrix": [[7096, 2320], [2395, 7095]]}