{"kd_tree_not_leaf_node": [{"hrect": [[30.42391, 103.592341], [30.921991, 104.275683]], "left_nodeptr": 2, "right_nodeptr": 1}, {"hrect": [[30.653244, 103.592341], [30.921991, 104.275683]], "left_nodeptr": -1, "right_nodeptr": -1}, {"hrect": [[30.42391, 103.592341], [30.653244, 104.275683]], "left_nodeptr": -1, "right_nodeptr": -1}], "idx_gps": [[30.675449, 104.000688], [30.630169, 104.153028]], "sum_matrix": [[6701, 2128], [2131, 6701]]}