{"kd_tree_not_leaf_node": [{"hrect": [[30.43835, 103.595302], [30.897445, 104.306806]], "left_nodeptr": 2, "right_nodeptr": 1}, {"hrect": [[30.653131, 103.595302], [30.897445, 104.306806]], "left_nodeptr": -1, "right_nodeptr": -1}, {"hrect": [[30.43835, 103.595302], [30.653131, 104.306806]], "left_nodeptr": -1, "right_nodeptr": -1}], "idx_gps": [[30.673033, 104.057418], [30.633335, 104.067168]], "sum_matrix": [[8243, 2939], [2963, 8243]]}