{"kd_tree_not_leaf_node": [{"hrect": [[30.348031, 103.584039], [30.976211, 104.391196]], "left_nodeptr": 2, "right_nodeptr": 1}, {"hrect": [[30.653448, 103.584039], [30.976211, 104.391196]], "left_nodeptr": -1, "right_nodeptr": -1}, {"hrect": [[30.348031, 103.584039], [30.653448, 104.391196]], "left_nodeptr": -1, "right_nodeptr": -1}], "idx_gps": [[30.674089, 104.088852], [30.633051, 104.059905]], "sum_matrix": [[7554, 2575], [2561, 7554]]}