{"kd_tree_not_leaf_node": [{"hrect": [[30.487655, 103.852251], [31.014927, 104.393547]], "left_nodeptr": 2, "right_nodeptr": 1}, {"hrect": [[30.653789, 103.852251], [31.014927, 104.393547]], "left_nodeptr": -1, "right_nodeptr": -1}, {"hrect": [[30.487655, 103.852251], [30.653789, 104.393547]], "left_nodeptr": -1, "right_nodeptr": -1}], "idx_gps": [[30.680249, 104.05873], [30.629851, 104.141388]], "sum_matrix": [[2779, 1261], [907, 2779]]}