{"kd_tree_not_leaf_node": [{"hrect": [[30.422156, 103.473689], [30.992831, 104.422559]], "left_nodeptr": 2, "right_nodeptr": 1}, {"hrect": [[30.653052, 103.473689], [30.992831, 104.422559]], "left_nodeptr": -1, "right_nodeptr": -1}, {"hrect": [[30.422156, 103.473689], [30.653052, 104.422559]], "left_nodeptr": -1, "right_nodeptr": -1}], "idx_gps": [[30.676583, 104.028976], [30.629033, 104.023989]], "sum_matrix": [[6373, 1924], [1925, 6373]]}