{"kd_tree_not_leaf_node": [{"hrect": [[30.425801, 103.82154], [30.831695, 104.324482]], "left_nodeptr": 2, "right_nodeptr": 1}, {"hrect": [[30.65164, 103.82154], [30.831695, 104.324482]], "left_nodeptr": -1, "right_nodeptr": -1}, {"hrect": [[30.425801, 103.82154], [30.65164, 104.324482]], "left_nodeptr": -1, "right_nodeptr": -1}], "idx_gps": [[30.672732, 104.004985], [30.627562, 104.138222]], "sum_matrix": [[8168, 2627], [2927, 8167]]}