{"kd_tree_not_leaf_node": [{"hrect": [[30.423466, 103.633939], [30.984815, 104.54427]], "left_nodeptr": 2, "right_nodeptr": 1}, {"hrect": [[30.652757, 103.633939], [30.984815, 104.54427]], "left_nodeptr": -1, "right_nodeptr": -1}, {"hrect": [[30.423466, 103.633939], [30.652757, 104.54427]], "left_nodeptr": -1, "right_nodeptr": -1}], "idx_gps": [[30.67309, 104.094576], [30.630306, 104.138972]], "sum_matrix": [[8759, 2927], [3453, 8757]]}