{"kd_tree_not_leaf_node": [{"hrect": [[30.404382, 103.45639], [30.82299, 104.359447]], "left_nodeptr": 2, "right_nodeptr": 1}, {"hrect": [[30.653227, 103.45639], [30.82299, 104.359447]], "left_nodeptr": -1, "right_nodeptr": -1}, {"hrect": [[30.404382, 103.45639], [30.653227, 104.359447]], "left_nodeptr": -1, "right_nodeptr": -1}], "idx_gps": [[30.673105, 104.113816], [30.631973, 104.030741]], "sum_matrix": [[7697, 2742], [2747, 7697]]}