{"kd_tree_not_leaf_node": [{"hrect": [[30.418787, 103.67971], [30.991087, 104.408262]], "left_nodeptr": 2, "right_nodeptr": 1}, {"hrect": [[30.653564, 103.67971], [30.991087, 104.408262]], "left_nodeptr": -1, "right_nodeptr": -1}, {"hrect": [[30.418787, 103.67971], [30.653564, 104.408262]], "left_nodeptr": -1, "right_nodeptr": -1}], "idx_gps": [[30.67769, 104.002581], [30.631484, 104.101369]], "sum_matrix": [[5843, 2029], [2140, 5843]]}