{"kd_tree_not_leaf_node": [{"hrect": [[30.464393, 103.541938], [30.978109, 104.33787]], "left_nodeptr": 2, "right_nodeptr": 1}, {"hrect": [[30.654165, 103.541938], [30.978109, 104.33787]], "left_nodeptr": -1, "right_nodeptr": -1}, {"hrect": [[30.464393, 103.541938], [30.654165, 104.33787]], "left_nodeptr": -1, "right_nodeptr": -1}], "idx_gps": [[30.675942, 104.080783], [30.629215, 104.066895]], "sum_matrix": [[7369, 2279], [2429, 7368]]}