{"kd_tree_not_leaf_node": [{"hrect": [[30.338966, 103.59994], [30.914709, 104.422456]], "left_nodeptr": 2, "right_nodeptr": 1}, {"hrect": [[30.655384, 103.59994], [30.914709, 104.422456]], "left_nodeptr": -1, "right_nodeptr": -1}, {"hrect": [[30.338966, 103.59994], [30.655384, 104.422456]], "left_nodeptr": -1, "right_nodeptr": -1}], "idx_gps": [[30.674617, 104.044188], [30.635613, 104.080004]], "sum_matrix": [[9922, 3080], [3293, 9922]]}