{"kd_tree_not_leaf_node": [{"hrect": [[30.422247, 103.692625], [30.978702, 104.30567]], "left_nodeptr": 2, "right_nodeptr": 1}, {"hrect": [[30.653802, 103.692625], [30.978702, 104.30567]], "left_nodeptr": -1, "right_nodeptr": -1}, {"hrect": [[30.422247, 103.692625], [30.653802, 104.30567]], "left_nodeptr": -1, "right_nodeptr": -1}], "idx_gps": [[30.677688, 104.083852], [30.631799, 104.054272]], "sum_matrix": [[4831, 1703], [1791, 4831]]}