{"kd_tree_not_leaf_node": [{"hrect": [[30.476114, 103.286537], [30.88466, 104.556655]], "left_nodeptr": 2, "right_nodeptr": 1}, {"hrect": [[30.65272, 103.286537], [30.88466, 104.556655]], "left_nodeptr": -1, "right_nodeptr": -1}, {"hrect": [[30.476114, 103.286537], [30.65272, 104.556655]], "left_nodeptr": -1, "right_nodeptr": -1}], "idx_gps": [[30.675432, 104.13992], [30.629635, 104.063806]], "sum_matrix": [[7616, 2588], [2533, 7616]]}