{"kd_tree_not_leaf_node": [{"hrect": [[30.488415, 103.512743], [30.990782, 104.40805]], "left_nodeptr": 2, "right_nodeptr": 1}, {"hrect": [[30.653645, 103.512743], [30.990782, 104.40805]], "left_nodeptr": -1, "right_nodeptr": -1}, {"hrect": [[30.488415, 103.512743], [30.653645, 104.40805]], "left_nodeptr": -1, "right_nodeptr": -1}], "idx_gps": [[30.674244, 104.069166], [30.632091, 104.050551]], "sum_matrix": [[7055, 2370], [2655, 7055]]}