{"kd_tree_not_leaf_node": [{"hrect": [[30.485935, 103.687386], [30.947812, 104.30866]], "left_nodeptr": 2, "right_nodeptr": 1}, {"hrect": [[30.654248, 103.687386], [30.947812, 104.30866]], "left_nodeptr": -1, "right_nodeptr": -1}, {"hrect": [[30.485935, 103.687386], [30.654248, 104.30866]], "left_nodeptr": -1, "right_nodeptr": -1}], "idx_gps": [[30.673276, 104.084561], [30.634289, 104.066778]], "sum_matrix": [[7672, 2733], [3032, 7672]]}