{"kd_tree_not_leaf_node": [{"hrect": [[30.477563, 103.782424], [30.838302, 104.274897]], "left_nodeptr": 2, "right_nodeptr": 1}, {"hrect": [[30.651497, 103.782424], [30.838302, 104.274897]], "left_nodeptr": -1, "right_nodeptr": -1}, {"hrect": [[30.477563, 103.782424], [30.651497, 104.274897]], "left_nodeptr": -1, "right_nodeptr": -1}], "idx_gps": [[30.672307, 104.059095], [30.626098, 103.998774]], "sum_matrix": [[7364, 2188], [2365, 7363]]}