{"kd_tree_not_leaf_node": [{"hrect": [[30.322357, 103.46342], [30.940271, 104.257075]], "left_nodeptr": 2, "right_nodeptr": 1}, {"hrect": [[30.652702, 103.46342], [30.940271, 104.257075]], "left_nodeptr": -1, "right_nodeptr": -1}, {"hrect": [[30.322357, 103.46342], [30.652702, 104.257075]], "left_nodeptr": -1, "right_nodeptr": -1}], "idx_gps": [[30.672694, 103.9789], [30.632225, 104.004572]], "sum_matrix": [[7870, 3033], [3034, 7869]]}