{"kd_tree_not_leaf_node": [{"hrect": [[30.437552, 103.829992], [30.887138, 104.274855]], "left_nodeptr": 2, "right_nodeptr": 1}, {"hrect": [[30.653454, 103.829992], [30.887138, 104.274855]], "left_nodeptr": -1, "right_nodeptr": -1}, {"hrect": [[30.437552, 103.829992], [30.653454, 104.274855]], "left_nodeptr": -1, "right_nodeptr": -1}], "idx_gps": [[30.673124, 103.975744], [30.632155, 104.031085]], "sum_matrix": [[8090, 2907], [3078, 8090]]}