{"kd_tree_not_leaf_node": [{"hrect": [[30.321816, 103.643152], [30.983155, 104.304222]], "left_nodeptr": 2, "right_nodeptr": 1}, {"hrect": [[30.653272, 103.643152], [30.983155, 104.304222]], "left_nodeptr": -1, "right_nodeptr": -1}, {"hrect": [[30.321816, 103.643152], [30.653272, 104.304222]], "left_nodeptr": -1, "right_nodeptr": -1}], "idx_gps": [[30.67361, 104.040283], [30.632225, 103.999565]], "sum_matrix": [[7847, 2968], [3076, 7847]]}