{"kd_tree_not_leaf_node": [{"hrect": [[30.323546, 103.574814], [30.976652, 104.31113]], "left_nodeptr": 2, "right_nodeptr": 1}, {"hrect": [[30.653494, 103.574814], [30.976652, 104.31113]], "left_nodeptr": -1, "right_nodeptr": -1}, {"hrect": [[30.323546, 103.574814], [30.653494, 104.31113]], "left_nodeptr": -1, "right_nodeptr": -1}], "idx_gps": [[30.67336, 104.046781], [30.633237, 104.066498]], "sum_matrix": [[7846, 2884], [3166, 7845]]}