{"kd_tree_not_leaf_node": [{"hrect": [[30.368166, 103.523724], [30.957589, 104.54136]], "left_nodeptr": 2, "right_nodeptr": 1}, {"hrect": [[30.652865, 103.523724], [30.957589, 104.54136]], "left_nodeptr": -1, "right_nodeptr": -1}, {"hrect": [[30.368166, 103.523724], [30.652865, 104.54136]], "left_nodeptr": -1, "right_nodeptr": -1}], "idx_gps": [[30.674722, 104.059385], [30.632206, 104.054513]], "sum_matrix": [[8284, 3096], [3258, 8284]]}