{"kd_tree_not_leaf_node": [{"hrect": [[30.421817, 103.582956], [30.934213, 104.536242]], "left_nodeptr": 2, "right_nodeptr": 1}, {"hrect": [[30.653736, 103.582956], [30.934213, 104.536242]], "left_nodeptr": -1, "right_nodeptr": -1}, {"hrect": [[30.421817, 103.582956], [30.653736, 104.536242]], "left_nodeptr": -1, "right_nodeptr": -1}], "idx_gps": [[30.673003, 104.002054], [30.636327, 104.127277]], "sum_matrix": [[9138, 3557], [3411, 9137]]}