{"kd_tree_not_leaf_node": [{"hrect": [[30.372457, 103.822162], [30.985053, 104.394899]], "left_nodeptr": 2, "right_nodeptr": 1}, {"hrect": [[30.652944, 103.822162], [30.985053, 104.394899]], "left_nodeptr": -1, "right_nodeptr": -1}, {"hrect": [[30.372457, 103.822162], [30.652944, 104.394899]], "left_nodeptr": -1, "right_nodeptr": -1}], "idx_gps": [[30.672982, 104.058096], [30.630556, 104.066797]], "sum_matrix": [[8171, 2886], [2938, 8171]]}