{"kd_tree_not_leaf_node": [{"hrect": [[30.414891, 103.797162], [30.950334, 104.39364]], "left_nodeptr": 2, "right_nodeptr": 1}, {"hrect": [[30.653086, 103.797162], [30.950334, 104.39364]], "left_nodeptr": -1, "right_nodeptr": -1}, {"hrect": [[30.414891, 103.797162], [30.653086, 104.39364]], "left_nodeptr": -1, "right_nodeptr": -1}], "idx_gps": [[30.672941, 104.075674], [30.631962, 104.039614]], "sum_matrix": [[8286, 3058], [3210, 8285]]}