{"kd_tree_not_leaf_node": [{"hrect": [[30.306878, 103.792995], [30.931905, 104.419873]], "left_nodeptr": 2, "right_nodeptr": 1}, {"hrect": [[30.653217, 103.792995], [30.931905, 104.419873]], "left_nodeptr": -1, "right_nodeptr": -1}, {"hrect": [[30.306878, 103.792995], [30.653217, 104.419873]], "left_nodeptr": -1, "right_nodeptr": -1}], "idx_gps": [[30.67418, 104.021415], [30.631565, 104.140775]], "sum_matrix": [[7607, 2420], [2583, 7607]]}