{"kd_tree_not_leaf_node": [{"hrect": [[30.424659, 103.537634], [30.955173, 104.408006]], "left_nodeptr": 2, "right_nodeptr": 1}, {"hrect": [[30.653528, 103.537634], [30.955173, 104.408006]], "left_nodeptr": -1, "right_nodeptr": -1}, {"hrect": [[30.424659, 103.537634], [30.653528, 104.408006]], "left_nodeptr": -1, "right_nodeptr": -1}], "idx_gps": [[30.67276, 103.975759], [30.634298, 104.1119]], "sum_matrix": [[9287, 3443], [3391, 9285]]}