{"kd_tree_not_leaf_node": [{"hrect": [[30.389211, 103.682926], [30.887516, 104.345862]], "left_nodeptr": 2, "right_nodeptr": 1}, {"hrect": [[30.653337, 103.682926], [30.887516, 104.345862]], "left_nodeptr": -1, "right_nodeptr": -1}, {"hrect": [[30.389211, 103.682926], [30.653337, 104.345862]], "left_nodeptr": -1, "right_nodeptr": -1}], "idx_gps": [[30.673453, 104.019483], [30.632406, 104.031256]], "sum_matrix": [[7830, 2796], [2878, 7830]]}