{"kd_tree_not_leaf_node": [{"hrect": [[30.434836, 103.613841], [30.989212, 104.55481]], "left_nodeptr": 2, "right_nodeptr": 1}, {"hrect": [[30.653474, 103.613841], [30.989212, 104.55481]], "left_nodeptr": -1, "right_nodeptr": -1}, {"hrect": [[30.434836, 103.613841], [30.653474, 104.55481]], "left_nodeptr": -1, "right_nodeptr": -1}], "idx_gps": [[30.673805, 104.055736], [30.632979, 104.066458]], "sum_matrix": [[8310, 2879], [2825, 8310]]}