{"kd_tree_not_leaf_node": [{"hrect": [[30.453513, 103.630818], [30.970845, 104.317508]], "left_nodeptr": 2, "right_nodeptr": 1}, {"hrect": [[30.652458, 103.630818], [30.970845, 104.317508]], "left_nodeptr": -1, "right_nodeptr": -1}, {"hrect": [[30.453513, 103.630818], [30.652458, 104.317508]], "left_nodeptr": -1, "right_nodeptr": -1}], "idx_gps": [[30.673038, 104.112482], [30.631063, 104.005561]], "sum_matrix": [[8611, 2921], [3236, 8610]]}