{"kd_tree_not_leaf_node": [{"hrect": [[30.408355, 103.541], [30.994696, 104.312917]], "left_nodeptr": 2, "right_nodeptr": 1}, {"hrect": [[30.653566, 103.541], [30.994696, 104.312917]], "left_nodeptr": -1, "right_nodeptr": -1}, {"hrect": [[30.408355, 103.541], [30.653566, 104.312917]], "left_nodeptr": -1, "right_nodeptr": -1}], "idx_gps": [[30.677722, 103.997929], [30.632102, 104.026746]], "sum_matrix": [[5408, 1992], [1992, 5408]]}