{"kd_tree_not_leaf_node": [{"hrect": [[30.439228, 103.830314], [30.935556, 104.40805]], "left_nodeptr": 2, "right_nodeptr": 1}, {"hrect": [[30.65384, 103.830314], [30.935556, 104.40805]], "left_nodeptr": -1, "right_nodeptr": -1}, {"hrect": [[30.439228, 103.830314], [30.65384, 104.40805]], "left_nodeptr": -1, "right_nodeptr": -1}], "idx_gps": [[30.673743, 104.06154], [30.6327, 104.038963]], "sum_matrix": [[7327, 2590], [2766, 7327]]}