{"kd_tree_not_leaf_node": [{"hrect": [[30.476363, 103.601159], [30.987824, 104.496083]], "left_nodeptr": 2, "right_nodeptr": 1}, {"hrect": [[30.653012, 103.601159], [30.987824, 104.496083]], "left_nodeptr": -1, "right_nodeptr": -1}, {"hrect": [[30.476363, 103.601159], [30.653012, 104.496083]], "left_nodeptr": -1, "right_nodeptr": -1}], "idx_gps": [[30.675452, 104.111323], [30.632526, 104.076221]], "sum_matrix": [[7614, 2776], [2999, 7614]]}