{"kd_tree_not_leaf_node": [{"hrect": [[30.448684, 103.67673], [30.952234, 104.277905]], "left_nodeptr": 2, "right_nodeptr": 1}, {"hrect": [[30.653344, 103.67673], [30.952234, 104.277905]], "left_nodeptr": -1, "right_nodeptr": -1}, {"hrect": [[30.448684, 103.67673], [30.653344, 104.277905]], "left_nodeptr": -1, "right_nodeptr": -1}], "idx_gps": [[30.672546, 104.13782], [30.633084, 104.06671]], "sum_matrix": [[8321, 2983], [2979, 8321]]}