{"kd_tree_not_leaf_node": [{"hrect": [[30.406745, 103.599688], [30.97736, 104.570925]], "left_nodeptr": 2, "right_nodeptr": 1}, {"hrect": [[30.654735, 103.599688], [30.97736, 104.570925]], "left_nodeptr": -1, "right_nodeptr": -1}, {"hrect": [[30.406745, 103.599688], [30.654735, 104.570925]], "left_nodeptr": -1, "right_nodeptr": -1}], "idx_gps": [[30.678112, 104.095736], [30.629282, 104.109512]], "sum_matrix": [[5645, 1617], [1563, 5645]]}