{"kd_tree_not_leaf_node": [{"hrect": [[30.449314, 103.455193], [30.909649, 104.297448]], "left_nodeptr": 2, "right_nodeptr": 1}, {"hrect": [[30.652578, 103.455193], [30.909649, 104.297448]], "left_nodeptr": -1, "right_nodeptr": -1}, {"hrect": [[30.449314, 103.455193], [30.652578, 104.297448]], "left_nodeptr": -1, "right_nodeptr": -1}], "idx_gps": [[30.672805, 103.975726], [30.631735, 104.029374]], "sum_matrix": [[7313, 2704], [2920, 7313]]}