{"kd_tree_not_leaf_node": [{"hrect": [[30.302589, 103.827237], [30.978541, 104.282344]], "left_nodeptr": 2, "right_nodeptr": 1}, {"hrect": [[30.653751, 103.827237], [30.978541, 104.282344]], "left_nodeptr": -1, "right_nodeptr": -1}, {"hrect": [[30.302589, 103.827237], [30.653751, 104.282344]], "left_nodeptr": -1, "right_nodeptr": -1}], "idx_gps": [[30.672718, 104.136904], [30.634177, 104.077421]], "sum_matrix": [[8105, 2843], [2864, 8105]]}