{"kd_tree_not_leaf_node": [{"hrect": [[30.365102, 103.450842], [30.932254, 104.394618]], "left_nodeptr": 2, "right_nodeptr": 1}, {"hrect": [[30.652128, 103.450842], [30.932254, 104.394618]], "left_nodeptr": -1, "right_nodeptr": -1}, {"hrect": [[30.365102, 103.450842], [30.652128, 104.394618]], "left_nodeptr": -1, "right_nodeptr": -1}], "idx_gps": [[30.672772, 104.11244], [30.629323, 104.138505]], "sum_matrix": [[8428, 2768], [3067, 8428]]}