{"kd_tree_not_leaf_node": [{"hrect": [[30.487907, 103.829903], [30.971792, 104.308699]], "left_nodeptr": 2, "right_nodeptr": 1}, {"hrect": [[30.653231, 103.829903], [30.971792, 104.308699]], "left_nodeptr": -1, "right_nodeptr": -1}, {"hrect": [[30.487907, 103.829903], [30.653231, 104.308699]], "left_nodeptr": -1, "right_nodeptr": -1}], "idx_gps": [[30.67336, 104.087551], [30.631782, 104.039665]], "sum_matrix": [[8216, 2777], [3035, 8216]]}