{"kd_tree_not_leaf_node": [{"hrect": [[30.414764, 103.545062], [30.958266, 104.294024]], "left_nodeptr": 2, "right_nodeptr": 1}, {"hrect": [[30.653349, 103.545062], [30.958266, 104.294024]], "left_nodeptr": -1, "right_nodeptr": -1}, {"hrect": [[30.414764, 103.545062], [30.653349, 104.294024]], "left_nodeptr": -1, "right_nodeptr": -1}], "idx_gps": [[30.67529, 104.108889], [30.632425, 104.098417]], "sum_matrix": [[7986, 2867], [3042, 7986]]}