{"kd_tree_not_leaf_node": [{"hrect": [[30.388053, 103.775326], [30.946729, 104.318905]], "left_nodeptr": 2, "right_nodeptr": 1}, {"hrect": [[30.653422, 103.775326], [30.946729, 104.318905]], "left_nodeptr": -1, "right_nodeptr": -1}, {"hrect": [[30.388053, 103.775326], [30.653422, 104.318905]], "left_nodeptr": -1, "right_nodeptr": -1}], "idx_gps": [[30.672659, 104.1253], [30.633575, 104.002823]], "sum_matrix": [[7808, 2784], [2931, 7808]]}