{"kd_tree_not_leaf_node": [{"hrect": [[30.294901, 103.69692], [30.978155, 104.542352]], "left_nodeptr": 2, "right_nodeptr": 1}, {"hrect": [[30.653512, 103.69692], [30.978155, 104.542352]], "left_nodeptr": -1, "right_nodeptr": -1}, {"hrect": [[30.294901, 103.69692], [30.653512, 104.542352]], "left_nodeptr": -1, "right_nodeptr": -1}], "idx_gps": [[30.674351, 104.085344], [30.63375, 104.001164]], "sum_matrix": [[9360, 3499], [3446, 9360]]}