{"kd_tree_not_leaf_node": [{"hrect": [[30.292708, 103.81324], [30.993699, 104.442297]], "left_nodeptr": 2, "right_nodeptr": 1}, {"hrect": [[30.653753, 103.81324], [30.993699, 104.442297]], "left_nodeptr": -1, "right_nodeptr": -1}, {"hrect": [[30.292708, 103.81324], [30.653753, 104.442297]], "left_nodeptr": -1, "right_nodeptr": -1}], "idx_gps": [[30.678065, 104.057336], [30.63188, 104.156602]], "sum_matrix": [[5947, 2046], [2186, 5947]]}