{"kd_tree_not_leaf_node": [{"hrect": [[30.368147, 103.513622], [30.951892, 104.325273]], "left_nodeptr": 2, "right_nodeptr": 1}, {"hrect": [[30.651929, 103.513622], [30.951892, 104.325273]], "left_nodeptr": -1, "right_nodeptr": -1}, {"hrect": [[30.368147, 103.513622], [30.651929, 104.325273]], "left_nodeptr": -1, "right_nodeptr": -1}], "idx_gps": [[30.673482, 104.058374], [30.629033, 104.01433]], "sum_matrix": [[7783, 2645], [2928, 7783]]}