{"kd_tree_not_leaf_node": [{"hrect": [[30.373279, 103.619557], [31.016288, 104.516952]], "left_nodeptr": 2, "right_nodeptr": 1}, {"hrect": [[30.653088, 103.619557], [31.016288, 104.516952]], "left_nodeptr": -1, "right_nodeptr": -1}, {"hrect": [[30.373279, 103.619557], [30.653088, 104.516952]], "left_nodeptr": -1, "right_nodeptr": -1}], "idx_gps": [[30.673367, 104.068566], [30.629903, 104.141806]], "sum_matrix": [[8181, 2908], [3009, 8180]]}