{"kd_tree_not_leaf_node": [{"hrect": [[30.424084, 103.556904], [30.892664, 104.319889]], "left_nodeptr": 2, "right_nodeptr": 1}, {"hrect": [[30.652684, 103.556904], [30.892664, 104.319889]], "left_nodeptr": -1, "right_nodeptr": -1}, {"hrect": [[30.424084, 103.556904], [30.652684, 104.319889]], "left_nodeptr": -1, "right_nodeptr": -1}], "idx_gps": [[30.673623, 103.98632], [30.630935, 104.101104]], "sum_matrix": [[7897, 2941], [3082, 7897]]}