{"kd_tree_not_leaf_node": [{"hrect": [[30.403804, 103.674272], [30.867844, 104.486472]], "left_nodeptr": 2, "right_nodeptr": 1}, {"hrect": [[30.651984, 103.674272], [30.867844, 104.486472]], "left_nodeptr": -1, "right_nodeptr": -1}, {"hrect": [[30.403804, 103.674272], [30.651984, 104.486472]], "left_nodeptr": -1, "right_nodeptr": -1}], "idx_gps": [[30.672532, 104.098392], [30.629542, 104.060583]], "sum_matrix": [[8377, 3048], [3078, 8377]]}