{"kd_tree_not_leaf_node": [{"hrect": [[30.45717, 103.647882], [30.976769, 104.26202]], "left_nodeptr": 2, "right_nodeptr": 1}, {"hrect": [[30.65282, 103.647882], [30.976769, 104.26202]], "left_nodeptr": -1, "right_nodeptr": -1}, {"hrect": [[30.45717, 103.647882], [30.65282, 104.26202]], "left_nodeptr": -1, "right_nodeptr": -1}], "idx_gps": [[30.67391, 103.989609], [30.630469, 104.044404]], "sum_matrix": [[7118, 2444], [2581, 7118]]}