{"kd_tree_not_leaf_node": [{"hrect": [[30.418325, 103.637812], [30.818678, 104.312116]], "left_nodeptr": 2, "right_nodeptr": 1}, {"hrect": [[30.653099, 103.637812], [30.818678, 104.312116]], "left_nodeptr": -1, "right_nodeptr": -1}, {"hrect": [[30.418325, 103.637812], [30.653099, 104.312116]], "left_nodeptr": -1, "right_nodeptr": -1}], "idx_gps": [[30.676413, 103.991631], [30.629517, 104.058272]], "sum_matrix": [[6349, 1838], [2098, 6349]]}