{"kd_tree_not_leaf_node": [{"hrect": [[30.389823, 103.637812], [30.950152, 104.537179]], "left_nodeptr": 2, "right_nodeptr": 1}, {"hrect": [[30.653339, 103.637812], [30.950152, 104.537179]], "left_nodeptr": -1, "right_nodeptr": -1}, {"hrect": [[30.389823, 103.637812], [30.653339, 104.537179]], "left_nodeptr": -1, "right_nodeptr": -1}], "idx_gps": [[30.674263, 104.135241], [30.633538, 104.054262]], "sum_matrix": [[9985, 3551], [3619, 9985]]}