{"kd_tree_not_leaf_node": [{"hrect": [[30.29987, 103.430609], [31.022136, 104.40805]], "left_nodeptr": 2, "right_nodeptr": 1}, {"hrect": [[30.654558, 103.430609], [31.022136, 104.40805]], "left_nodeptr": -1, "right_nodeptr": -1}, {"hrect": [[30.29987, 103.430609], [30.654558, 104.40805]], "left_nodeptr": -1, "right_nodeptr": -1}], "idx_gps": [[30.678334, 104.036326], [30.63414, 104.029209]], "sum_matrix": [[4750, 1657], [1656, 4749]]}