{"kd_tree_not_leaf_node": [{"hrect": [[30.48134, 103.523911], [30.959297, 104.269114]], "left_nodeptr": 2, "right_nodeptr": 1}, {"hrect": [[30.653849, 103.523911], [30.959297, 104.269114]], "left_nodeptr": -1, "right_nodeptr": -1}, {"hrect": [[30.48134, 103.523911], [30.653849, 104.269114]], "left_nodeptr": -1, "right_nodeptr": -1}], "idx_gps": [[30.672977, 104.065245], [30.634868, 104.057212]], "sum_matrix": [[8763, 3142], [3323, 8763]]}