{"kd_tree_not_leaf_node": [{"hrect": [[30.428121, 103.820954], [30.942812, 104.306417]], "left_nodeptr": 2, "right_nodeptr": 1}, {"hrect": [[30.65313, 103.820954], [30.942812, 104.306417]], "left_nodeptr": -1, "right_nodeptr": -1}, {"hrect": [[30.428121, 103.820954], [30.65313, 104.306417]], "left_nodeptr": -1, "right_nodeptr": -1}], "idx_gps": [[30.673165, 104.06848], [30.631303, 104.044567]], "sum_matrix": [[7592, 2649], [2845, 7592]]}