{"kd_tree_not_leaf_node": [{"hrect": [[30.414509, 103.797111], [30.887579, 104.426745]], "left_nodeptr": 2, "right_nodeptr": 1}, {"hrect": [[30.651028, 103.797111], [30.887579, 104.426745]], "left_nodeptr": -1, "right_nodeptr": -1}, {"hrect": [[30.414509, 103.797111], [30.651028, 104.426745]], "left_nodeptr": -1, "right_nodeptr": -1}], "idx_gps": [[30.672389, 104.076335], [30.625004, 104.067884]], "sum_matrix": [[7355, 2114], [2116, 7355]]}