{"kd_tree_not_leaf_node": [{"hrect": [[30.410548, 103.455747], [30.8383, 104.276514]], "left_nodeptr": 2, "right_nodeptr": 1}, {"hrect": [[30.651933, 103.455747], [30.8383, 104.276514]], "left_nodeptr": -1, "right_nodeptr": -1}, {"hrect": [[30.410548, 103.455747], [30.651933, 104.276514]], "left_nodeptr": -1, "right_nodeptr": -1}], "idx_gps": [[30.673116, 104.017511], [30.628551, 104.066519]], "sum_matrix": [[8050, 2682], [2915, 8049]]}