{"kd_tree_not_leaf_node": [{"hrect": [[30.306396, 103.742095], [30.862402, 104.599435]], "left_nodeptr": 2, "right_nodeptr": 1}, {"hrect": [[30.653042, 103.742095], [30.862402, 104.599435]], "left_nodeptr": -1, "right_nodeptr": -1}, {"hrect": [[30.306396, 103.742095], [30.653042, 104.599435]], "left_nodeptr": -1, "right_nodeptr": -1}], "idx_gps": [[30.674609, 104.00281], [30.630998, 104.066551]], "sum_matrix": [[7474, 2629], [2782, 7474]]}