{"kd_tree_not_leaf_node": [{"hrect": [[30.484082, 103.779982], [31.012916, 104.273575]], "left_nodeptr": 2, "right_nodeptr": 1}, {"hrect": [[30.653119, 103.779982], [31.012916, 104.273575]], "left_nodeptr": -1, "right_nodeptr": -1}, {"hrect": [[30.484082, 103.779982], [30.653119, 104.273575]], "left_nodeptr": -1, "right_nodeptr": -1}], "idx_gps": [[30.673488, 104.06611], [30.630745, 104.076359]], "sum_matrix": [[7291, 2385], [2797, 7291]]}