{"kd_tree_not_leaf_node": [{"hrect": [[30.413992, 103.823813], [30.859365, 104.408181]], "left_nodeptr": 2, "right_nodeptr": 1}, {"hrect": [[30.653589, 103.823813], [30.859365, 104.408181]], "left_nodeptr": -1, "right_nodeptr": -1}, {"hrect": [[30.413992, 103.823813], [30.653589, 104.408181]], "left_nodeptr": -1, "right_nodeptr": -1}], "idx_gps": [[30.673095, 104.066684], [30.633169, 103.995225]], "sum_matrix": [[7255, 2719], [2783, 7255]]}