{"kd_tree_not_leaf_node": [{"hrect": [[30.424096, 103.723953], [30.841422, 104.392716]], "left_nodeptr": 2, "right_nodeptr": 1}, {"hrect": [[30.652955, 103.723953], [30.841422, 104.392716]], "left_nodeptr": -1, "right_nodeptr": -1}, {"hrect": [[30.424096, 103.723953], [30.652955, 104.392716]], "left_nodeptr": -1, "right_nodeptr": -1}], "idx_gps": [[30.673078, 104.075241], [30.632803, 104.140846]], "sum_matrix": [[8155, 3041], [3303, 8153]]}