{"kd_tree_not_leaf_node": [{"hrect": [[30.41407, 103.803915], [30.839991, 104.257256]], "left_nodeptr": 2, "right_nodeptr": 1}, {"hrect": [[30.653211, 103.803915], [30.839991, 104.257256]], "left_nodeptr": -1, "right_nodeptr": -1}, {"hrect": [[30.41407, 103.803915], [30.653211, 104.257256]], "left_nodeptr": -1, "right_nodeptr": -1}], "idx_gps": [[30.672672, 103.998786], [30.632595, 104.031057]], "sum_matrix": [[7838, 2845], [3011, 7838]]}