{"kd_tree_not_leaf_node": [{"hrect": [[30.488788, 103.815181], [30.848806, 104.40805]], "left_nodeptr": 2, "right_nodeptr": 1}, {"hrect": [[30.652035, 103.815181], [30.848806, 104.40805]], "left_nodeptr": -1, "right_nodeptr": -1}, {"hrect": [[30.488788, 103.815181], [30.652035, 104.40805]], "left_nodeptr": -1, "right_nodeptr": -1}], "idx_gps": [[30.672687, 104.099756], [30.629812, 104.105893]], "sum_matrix": [[7478, 2749], [2882, 7478]]}