{"kd_tree_not_leaf_node": [{"hrect": [[30.427999, 103.664586], [30.999601, 104.608637]], "left_nodeptr": 2, "right_nodeptr": 1}, {"hrect": [[30.652693, 103.664586], [30.999601, 104.608637]], "left_nodeptr": -1, "right_nodeptr": -1}, {"hrect": [[30.427999, 103.664586], [30.652693, 104.608637]], "left_nodeptr": -1, "right_nodeptr": -1}], "idx_gps": [[30.673117, 103.999344], [30.629441, 104.057549]], "sum_matrix": [[8564, 2718], [3342, 8563]]}