{"kd_tree_not_leaf_node": [{"hrect": [[30.426313, 103.606613], [30.945086, 104.566193]], "left_nodeptr": 2, "right_nodeptr": 1}, {"hrect": [[30.653479, 103.606613], [30.945086, 104.566193]], "left_nodeptr": -1, "right_nodeptr": -1}, {"hrect": [[30.426313, 103.606613], [30.653479, 104.566193]], "left_nodeptr": -1, "right_nodeptr": -1}], "idx_gps": [[30.673894, 104.069201], [30.631667, 104.103372]], "sum_matrix": [[7905, 2926], [2724, 7903]]}