{"kd_tree_not_leaf_node": [{"hrect": [[30.483909, 103.696519], [30.873406, 104.544064]], "left_nodeptr": 2, "right_nodeptr": 1}, {"hrect": [[30.652947, 103.696519], [30.873406, 104.544064]], "left_nodeptr": -1, "right_nodeptr": -1}, {"hrect": [[30.483909, 103.696519], [30.652947, 104.544064]], "left_nodeptr": -1, "right_nodeptr": -1}], "idx_gps": [[30.673413, 104.070432], [30.631791, 104.044673]], "sum_matrix": [[7056, 2497], [2770, 7056]]}