{"kd_tree_not_leaf_node": [{"hrect": [[30.405596, 103.467259], [30.978181, 104.326458]], "left_nodeptr": 2, "right_nodeptr": 1}, {"hrect": [[30.652994, 103.467259], [30.978181, 104.326458]], "left_nodeptr": -1, "right_nodeptr": -1}, {"hrect": [[30.405596, 103.467259], [30.652994, 104.326458]], "left_nodeptr": -1, "right_nodeptr": -1}], "idx_gps": [[30.673678, 104.061573], [30.630732, 104.140481]], "sum_matrix": [[7589, 2657], [2673, 7589]]}