{"kd_tree_not_leaf_node": [{"hrect": [[30.324984, 103.800437], [30.978089, 104.408937]], "left_nodeptr": 2, "right_nodeptr": 1}, {"hrect": [[30.652303, 103.800437], [30.978089, 104.408937]], "left_nodeptr": -1, "right_nodeptr": -1}, {"hrect": [[30.324984, 103.800437], [30.652303, 104.408937]], "left_nodeptr": -1, "right_nodeptr": -1}], "idx_gps": [[30.681992, 104.084538], [30.629443, 104.153691]], "sum_matrix": [[2839, 1238], [946, 2839]]}