{"kd_tree_not_leaf_node": [{"hrect": [[30.418787, 103.743746], [30.838515, 104.265926]], "left_nodeptr": 2, "right_nodeptr": 1}, {"hrect": [[30.653895, 103.743746], [30.838515, 104.265926]], "left_nodeptr": -1, "right_nodeptr": -1}, {"hrect": [[30.418787, 103.743746], [30.653895, 104.265926]], "left_nodeptr": -1, "right_nodeptr": -1}], "idx_gps": [[30.67532, 104.087953], [30.628574, 104.138803]], "sum_matrix": [[7775, 2512], [2608, 7775]]}