{"kd_tree_not_leaf_node": [{"hrect": [[30.47488, 103.669744], [31.031071, 104.318531]], "left_nodeptr": 2, "right_nodeptr": 1}, {"hrect": [[30.65278, 103.669744], [31.031071, 104.318531]], "left_nodeptr": -1, "right_nodeptr": -1}, {"hrect": [[30.47488, 103.669744], [30.65278, 104.318531]], "left_nodeptr": -1, "right_nodeptr": -1}], "idx_gps": [[30.673064, 104.040384], [30.631345, 104.140735]], "sum_matrix": [[8367, 2815], [3065, 8365]]}