{"kd_tree_not_leaf_node": [{"hrect": [[30.471041, 103.520272], [30.854724, 104.29461]], "left_nodeptr": 2, "right_nodeptr": 1}, {"hrect": [[30.653768, 103.520272], [30.854724, 104.29461]], "left_nodeptr": -1, "right_nodeptr": -1}, {"hrect": [[30.471041, 103.520272], [30.653768, 104.29461]], "left_nodeptr": -1, "right_nodeptr": -1}], "idx_gps": [[30.67472, 104.017805], [30.63247, 104.066433]], "sum_matrix": [[7627, 2513], [2771, 7627]]}