{"kd_tree_not_leaf_node": [{"hrect": [[30.475817, 103.54082], [30.945824, 104.325385]], "left_nodeptr": 2, "right_nodeptr": 1}, {"hrect": [[30.653311, 103.54082], [30.945824, 104.325385]], "left_nodeptr": -1, "right_nodeptr": -1}, {"hrect": [[30.475817, 103.54082], [30.653311, 104.325385]], "left_nodeptr": -1, "right_nodeptr": -1}], "idx_gps": [[30.673604, 104.055525], [30.632079, 104.147247]], "sum_matrix": [[8034, 2914], [2999, 8034]]}