{"kd_tree_not_leaf_node": [{"hrect": [[30.321746, 103.667481], [30.988264, 104.497955]], "left_nodeptr": 2, "right_nodeptr": 1}, {"hrect": [[30.653002, 103.667481], [30.988264, 104.497955]], "left_nodeptr": -1, "right_nodeptr": -1}, {"hrect": [[30.321746, 103.667481], [30.653002, 104.497955]], "left_nodeptr": -1, "right_nodeptr": -1}], "idx_gps": [[30.673138, 104.016561], [30.63375, 104.038073]], "sum_matrix": [[9829, 3605], [3549, 9829]]}