{"kd_tree_not_leaf_node": [{"hrect": [[30.482874, 103.642161], [30.986563, 104.344235]], "left_nodeptr": 2, "right_nodeptr": 1}, {"hrect": [[30.653647, 103.642161], [30.986563, 104.344235]], "left_nodeptr": -1, "right_nodeptr": -1}, {"hrect": [[30.482874, 103.642161], [30.653647, 104.344235]], "left_nodeptr": -1, "right_nodeptr": -1}], "idx_gps": [[30.67564, 104.052225], [30.633291, 103.995411]], "sum_matrix": [[7655, 2726], [3172, 7653]]}