{"kd_tree_not_leaf_node": [{"hrect": [[30.333427, 103.674032], [30.934935, 104.284032]], "left_nodeptr": 2, "right_nodeptr": 1}, {"hrect": [[30.652858, 103.674032], [30.934935, 104.284032]], "left_nodeptr": -1, "right_nodeptr": -1}, {"hrect": [[30.333427, 103.674032], [30.652858, 104.284032]], "left_nodeptr": -1, "right_nodeptr": -1}], "idx_gps": [[30.673483, 103.989963], [30.630835, 104.050842]], "sum_matrix": [[7660, 2713], [2859, 7660]]}