{"kd_tree_not_leaf_node": [{"hrect": [[30.318564, 103.524193], [30.982976, 104.282015]], "left_nodeptr": 2, "right_nodeptr": 1}, {"hrect": [[30.653019, 103.524193], [30.982976, 104.282015]], "left_nodeptr": -1, "right_nodeptr": -1}, {"hrect": [[30.318564, 103.524193], [30.653019, 104.282015]], "left_nodeptr": -1, "right_nodeptr": -1}], "idx_gps": [[30.673307, 104.077715], [30.630241, 103.989128]], "sum_matrix": [[8308, 2894], [3179, 8308]]}