{"kd_tree_not_leaf_node": [{"hrect": [[30.337938, 103.531898], [30.891058, 104.342472]], "left_nodeptr": 2, "right_nodeptr": 1}, {"hrect": [[30.651867, 103.531898], [30.891058, 104.342472]], "left_nodeptr": -1, "right_nodeptr": -1}, {"hrect": [[30.337938, 103.531898], [30.651867, 104.342472]], "left_nodeptr": -1, "right_nodeptr": -1}], "idx_gps": [[30.673541, 104.058473], [30.627549, 104.141312]], "sum_matrix": [[8713, 2803], [3054, 8713]]}