{"kd_tree_not_leaf_node": [{"hrect": [[30.372457, 103.822162], [30.913076, 104.282017]], "left_nodeptr": 2, "right_nodeptr": 1}, {"hrect": [[30.652283, 103.822162], [30.913076, 104.282017]], "left_nodeptr": -1, "right_nodeptr": -1}, {"hrect": [[30.372457, 103.822162], [30.652283, 104.282017]], "left_nodeptr": -1, "right_nodeptr": -1}], "idx_gps": [[30.673171, 104.092248], [30.628403, 104.139021]], "sum_matrix": [[8239, 2728], [2994, 8239]]}