{"kd_tree_not_leaf_node": [{"hrect": [[30.484393, 103.656539], [30.992831, 104.408602]], "left_nodeptr": 2, "right_nodeptr": 1}, {"hrect": [[30.653604, 103.656539], [30.992831, 104.408602]], "left_nodeptr": -1, "right_nodeptr": -1}, {"hrect": [[30.484393, 103.656539], [30.653604, 104.408602]], "left_nodeptr": -1, "right_nodeptr": -1}], "idx_gps": [[30.675154, 103.998631], [30.631325, 104.150827]], "sum_matrix": [[6814, 2219], [2237, 6814]]}