{"kd_tree_not_leaf_node": [{"hrect": [[30.482303, 103.863146], [30.988497, 104.326893]], "left_nodeptr": 2, "right_nodeptr": 1}, {"hrect": [[30.653041, 103.863146], [30.988497, 104.326893]], "left_nodeptr": -1, "right_nodeptr": -1}, {"hrect": [[30.482303, 103.863146], [30.653041, 104.326893]], "left_nodeptr": -1, "right_nodeptr": -1}], "idx_gps": [[30.673032, 104.057231], [30.632487, 104.141146]], "sum_matrix": [[7886, 2603], [2808, 7886]]}