{"kd_tree_not_leaf_node": [{"hrect": [[30.455751, 103.596738], [30.906409, 104.341861]], "left_nodeptr": 2, "right_nodeptr": 1}, {"hrect": [[30.654236, 103.596738], [30.906409, 104.341861]], "left_nodeptr": -1, "right_nodeptr": -1}, {"hrect": [[30.455751, 103.596738], [30.654236, 104.341861]], "left_nodeptr": -1, "right_nodeptr": -1}], "idx_gps": [[30.677302, 104.010362], [30.630238, 104.028655]], "sum_matrix": [[6238, 1864], [1838, 6237]]}