{"kd_tree_not_leaf_node": [{"hrect": [[30.482117, 103.807951], [30.833728, 104.299161]], "left_nodeptr": 2, "right_nodeptr": 1}, {"hrect": [[30.653135, 103.807951], [30.833728, 104.299161]], "left_nodeptr": -1, "right_nodeptr": -1}, {"hrect": [[30.482117, 103.807951], [30.653135, 104.299161]], "left_nodeptr": -1, "right_nodeptr": -1}], "idx_gps": [[30.673079, 104.125574], [30.631939, 104.034842]], "sum_matrix": [[8058, 2968], [2948, 8057]]}