{"kd_tree_not_leaf_node": [{"hrect": [[30.383233, 103.674945], [30.981024, 104.249107]], "left_nodeptr": 2, "right_nodeptr": 1}, {"hrect": [[30.652417, 103.674945], [30.981024, 104.249107]], "left_nodeptr": -1, "right_nodeptr": -1}, {"hrect": [[30.383233, 103.674945], [30.652417, 104.249107]], "left_nodeptr": -1, "right_nodeptr": -1}], "idx_gps": [[30.673578, 104.05619], [30.633102, 104.093819]], "sum_matrix": [[9548, 3649], [3538, 9548]]}