{"kd_tree_not_leaf_node": [{"hrect": [[30.353019, 103.674094], [31.032114, 104.437102]], "left_nodeptr": 2, "right_nodeptr": 1}, {"hrect": [[30.65351, 103.674094], [31.032114, 104.437102]], "left_nodeptr": -1, "right_nodeptr": -1}, {"hrect": [[30.353019, 103.674094], [30.65351, 104.437102]], "left_nodeptr": -1, "right_nodeptr": -1}], "idx_gps": [[30.672896, 104.035113], [30.634076, 104.037823]], "sum_matrix": [[9228, 3390], [3450, 9228]]}