{"kd_tree_not_leaf_node": [{"hrect": [[30.341278, 103.633664], [31.012257, 104.52523]], "left_nodeptr": 2, "right_nodeptr": 1}, {"hrect": [[30.65389, 103.633664], [31.012257, 104.52523]], "left_nodeptr": -1, "right_nodeptr": -1}, {"hrect": [[30.341278, 103.633664], [30.65389, 104.52523]], "left_nodeptr": -1, "right_nodeptr": -1}], "idx_gps": [[30.677425, 104.072131], [30.631063, 104.076242]], "sum_matrix": [[5605, 1969], [1998, 5605]]}