{"kd_tree_not_leaf_node": [{"hrect": [[30.488634, 103.864033], [31.014596, 104.311636]], "left_nodeptr": 2, "right_nodeptr": 1}, {"hrect": [[30.652039, 103.864033], [31.014596, 104.311636]], "left_nodeptr": -1, "right_nodeptr": -1}, {"hrect": [[30.488634, 103.864033], [30.652039, 104.311636]], "left_nodeptr": -1, "right_nodeptr": -1}], "idx_gps": [[30.675001, 104.082143], [30.628917, 104.141756]], "sum_matrix": [[6870, 2202], [2323, 6870]]}