{"kd_tree_not_leaf_node": [{"hrect": [[30.491284, 103.662834], [30.988716, 104.325398]], "left_nodeptr": 2, "right_nodeptr": 1}, {"hrect": [[30.653463, 103.662834], [30.988716, 104.325398]], "left_nodeptr": -1, "right_nodeptr": -1}, {"hrect": [[30.491284, 103.662834], [30.653463, 104.325398]], "left_nodeptr": -1, "right_nodeptr": -1}], "idx_gps": [[30.673941, 103.995264], [30.633926, 104.041488]], "sum_matrix": [[9041, 3230], [3455, 9041]]}