{"kd_tree_not_leaf_node": [{"hrect": [[30.380332, 103.286537], [30.945491, 104.325361]], "left_nodeptr": 2, "right_nodeptr": 1}, {"hrect": [[30.652808, 103.286537], [30.945491, 104.325361]], "left_nodeptr": -1, "right_nodeptr": -1}, {"hrect": [[30.380332, 103.286537], [30.652808, 104.325361]], "left_nodeptr": -1, "right_nodeptr": -1}], "idx_gps": [[30.673758, 104.022987], [30.632518, 104.0941]], "sum_matrix": [[9212, 3173], [3244, 9212]]}