{"kd_tree_not_leaf_node": [{"hrect": [[30.492446, 103.501182], [30.923805, 104.261526]], "left_nodeptr": 2, "right_nodeptr": 1}, {"hrect": [[30.653535, 103.501182], [30.923805, 104.261526]], "left_nodeptr": -1, "right_nodeptr": -1}, {"hrect": [[30.492446, 103.501182], [30.653535, 104.261526]], "left_nodeptr": -1, "right_nodeptr": -1}], "idx_gps": [[30.67489, 104.063323], [30.631855, 104.03049]], "sum_matrix": [[8125, 2708], [2695, 8125]]}