{"kd_tree_not_leaf_node": [{"hrect": [[30.486911, 103.591608], [30.993277, 104.409179]], "left_nodeptr": 2, "right_nodeptr": 1}, {"hrect": [[30.653524, 103.591608], [30.993277, 104.409179]], "left_nodeptr": -1, "right_nodeptr": -1}, {"hrect": [[30.486911, 103.591608], [30.653524, 104.409179]], "left_nodeptr": -1, "right_nodeptr": -1}], "idx_gps": [[30.672985, 104.067475], [30.633888, 104.053571]], "sum_matrix": [[8749, 2989], [3115, 8749]]}