{"kd_tree_not_leaf_node": [{"hrect": [[30.425385, 103.754792], [30.948237, 104.391195]], "left_nodeptr": 2, "right_nodeptr": 1}, {"hrect": [[30.653656, 103.754792], [30.948237, 104.391195]], "left_nodeptr": -1, "right_nodeptr": -1}, {"hrect": [[30.425385, 103.754792], [30.653656, 104.391195]], "left_nodeptr": -1, "right_nodeptr": -1}], "idx_gps": [[30.673461, 103.999016], [30.63458, 104.099519]], "sum_matrix": [[9198, 3351], [3249, 9197]]}