{"kd_tree_not_leaf_node": [{"hrect": [[30.404395, 103.658541], [30.965403, 104.540533]], "left_nodeptr": 2, "right_nodeptr": 1}, {"hrect": [[30.655123, 103.658541], [30.965403, 104.540533]], "left_nodeptr": -1, "right_nodeptr": -1}, {"hrect": [[30.404395, 103.658541], [30.655123, 104.540533]], "left_nodeptr": -1, "right_nodeptr": -1}], "idx_gps": [[30.67555, 104.026574], [30.635219, 104.040059]], "sum_matrix": [[9617, 3060], [3183, 9616]]}