{"kd_tree_not_leaf_node": [{"hrect": [[30.425235, 103.821739], [30.968299, 104.404004]], "left_nodeptr": 2, "right_nodeptr": 1}, {"hrect": [[30.652969, 103.821739], [30.968299, 104.404004]], "left_nodeptr": -1, "right_nodeptr": -1}, {"hrect": [[30.425235, 103.821739], [30.652969, 104.404004]], "left_nodeptr": -1, "right_nodeptr": -1}], "idx_gps": [[30.673598, 104.055791], [30.631465, 104.097921]], "sum_matrix": [[8239, 2835], [3049, 8238]]}