{"kd_tree_not_leaf_node": [{"hrect": [[30.480089, 103.691918], [30.97042, 104.40805]], "left_nodeptr": 2, "right_nodeptr": 1}, {"hrect": [[30.653115, 103.691918], [30.97042, 104.40805]], "left_nodeptr": -1, "right_nodeptr": -1}, {"hrect": [[30.480089, 103.691918], [30.653115, 104.40805]], "left_nodeptr": -1, "right_nodeptr": -1}], "idx_gps": [[30.673436, 103.997319], [30.633038, 104.094039]], "sum_matrix": [[7783, 2927], [3150, 7781]]}