{"kd_tree_not_leaf_node": [{"hrect": [[30.395254, 103.608284], [30.996208, 104.45791]], "left_nodeptr": 2, "right_nodeptr": 1}, {"hrect": [[30.654175, 103.608284], [30.996208, 104.45791]], "left_nodeptr": -1, "right_nodeptr": -1}, {"hrect": [[30.395254, 103.608284], [30.654175, 104.45791]], "left_nodeptr": -1, "right_nodeptr": -1}], "idx_gps": [[30.674375, 104.07779], [30.634543, 104.029745]], "sum_matrix": [[8964, 3112], [3200, 8964]]}