{"kd_tree_not_leaf_node": [{"hrect": [[30.478114, 103.710639], [30.848181, 104.408181]], "left_nodeptr": 2, "right_nodeptr": 1}, {"hrect": [[30.654022, 103.710639], [30.848181, 104.408181]], "left_nodeptr": -1, "right_nodeptr": -1}, {"hrect": [[30.478114, 103.710639], [30.654022, 104.408181]], "left_nodeptr": -1, "right_nodeptr": -1}], "idx_gps": [[30.673222, 104.056719], [30.63395, 104.02865]], "sum_matrix": [[7846, 2986], [3082, 7846]]}