{"kd_tree_not_leaf_node": [{"hrect": [[30.437925, 103.810199], [30.970749, 104.270414]], "left_nodeptr": 2, "right_nodeptr": 1}, {"hrect": [[30.653363, 103.810199], [30.970749, 104.270414]], "left_nodeptr": -1, "right_nodeptr": -1}, {"hrect": [[30.437925, 103.810199], [30.653363, 104.270414]], "left_nodeptr": -1, "right_nodeptr": -1}], "idx_gps": [[30.673197, 104.058136], [30.631845, 104.060109]], "sum_matrix": [[8539, 3209], [3339, 8539]]}