{"kd_tree_not_leaf_node": [{"hrect": [[30.414077, 103.807463], [30.888285, 104.571171]], "left_nodeptr": 2, "right_nodeptr": 1}, {"hrect": [[30.652869, 103.807463], [30.888285, 104.571171]], "left_nodeptr": -1, "right_nodeptr": -1}, {"hrect": [[30.414077, 103.807463], [30.652869, 104.571171]], "left_nodeptr": -1, "right_nodeptr": -1}], "idx_gps": [[30.673336, 103.996025], [30.632718, 104.059951]], "sum_matrix": [[7653, 2698], [2760, 7653]]}