{"kd_tree_not_leaf_node": [{"hrect": [[30.47641, 103.832972], [30.815049, 104.196761]], "left_nodeptr": 2, "right_nodeptr": 1}, {"hrect": [[30.653704, 103.832972], [30.815049, 104.196761]], "left_nodeptr": -1, "right_nodeptr": -1}, {"hrect": [[30.47641, 103.832972], [30.653704, 104.196761]], "left_nodeptr": -1, "right_nodeptr": -1}], "idx_gps": [[30.673581, 104.023957], [30.633476, 104.060107]], "sum_matrix": [[7503, 2579], [2708, 7503]]}