{"kd_tree_not_leaf_node": [{"hrect": [[30.48746, 103.796656], [31.030574, 104.426632]], "left_nodeptr": 2, "right_nodeptr": 1}, {"hrect": [[30.652855, 103.796656], [31.030574, 104.426632]], "left_nodeptr": -1, "right_nodeptr": -1}, {"hrect": [[30.48746, 103.796656], [30.652855, 104.426632]], "left_nodeptr": -1, "right_nodeptr": -1}], "idx_gps": [[30.672823, 104.073976], [30.631198, 104.054158]], "sum_matrix": [[8277, 2990], [3051, 8277]]}