{"kd_tree_not_leaf_node": [{"hrect": [[30.300296, 103.796416], [30.977603, 104.406134]], "left_nodeptr": 2, "right_nodeptr": 1}, {"hrect": [[30.653534, 103.796416], [30.977603, 104.406134]], "left_nodeptr": -1, "right_nodeptr": -1}, {"hrect": [[30.300296, 103.796416], [30.653534, 104.406134]], "left_nodeptr": -1, "right_nodeptr": -1}], "idx_gps": [[30.674516, 104.077769], [30.633306, 103.995291]], "sum_matrix": [[7456, 2889], [2969, 7456]]}