{"kd_tree_not_leaf_node": [{"hrect": [[30.488114, 103.822364], [30.878646, 104.325366]], "left_nodeptr": 2, "right_nodeptr": 1}, {"hrect": [[30.653272, 103.822364], [30.878646, 104.325366]], "left_nodeptr": -1, "right_nodeptr": -1}, {"hrect": [[30.488114, 103.822364], [30.653272, 104.325366]], "left_nodeptr": -1, "right_nodeptr": -1}], "idx_gps": [[30.672621, 104.110581], [30.633231, 104.044104]], "sum_matrix": [[9528, 3400], [3300, 9528]]}