{"kd_tree_not_leaf_node": [{"hrect": [[30.479401, 103.637113], [30.974843, 104.370549]], "left_nodeptr": 2, "right_nodeptr": 1}, {"hrect": [[30.650132, 103.637113], [30.974843, 104.370549]], "left_nodeptr": -1, "right_nodeptr": -1}, {"hrect": [[30.479401, 103.637113], [30.650132, 104.370549]], "left_nodeptr": -1, "right_nodeptr": -1}], "idx_gps": [[30.671985, 104.123929], [30.622929, 104.034227]], "sum_matrix": [[7260, 2117], [2279, 7260]]}