{"kd_tree_not_leaf_node": [{"hrect": [[30.435239, 103.392107], [30.825926, 104.566128]], "left_nodeptr": 2, "right_nodeptr": 1}, {"hrect": [[30.653246, 103.392107], [30.825926, 104.566128]], "left_nodeptr": -1, "right_nodeptr": -1}, {"hrect": [[30.435239, 103.392107], [30.653246, 104.566128]], "left_nodeptr": -1, "right_nodeptr": -1}], "idx_gps": [[30.673477, 104.056512], [30.632247, 104.035127]], "sum_matrix": [[8461, 3154], [3303, 8461]]}