{"kd_tree_not_leaf_node": [{"hrect": [[30.440667, 103.669929], [30.859453, 104.485017]], "left_nodeptr": 2, "right_nodeptr": 1}, {"hrect": [[30.652319, 103.669929], [30.859453, 104.485017]], "left_nodeptr": -1, "right_nodeptr": -1}, {"hrect": [[30.440667, 103.669929], [30.652319, 104.485017]], "left_nodeptr": -1, "right_nodeptr": -1}], "idx_gps": [[30.67312, 104.12572], [30.631848, 104.066838]], "sum_matrix": [[7907, 2912], [3085, 7907]]}