{"kd_tree_not_leaf_node": [{"hrect": [[30.293959, 103.748077], [30.954347, 104.543224]], "left_nodeptr": 2, "right_nodeptr": 1}, {"hrect": [[30.652932, 103.748077], [30.954347, 104.543224]], "left_nodeptr": -1, "right_nodeptr": -1}, {"hrect": [[30.293959, 103.748077], [30.652932, 104.543224]], "left_nodeptr": -1, "right_nodeptr": -1}], "idx_gps": [[30.676629, 104.052052], [30.629058, 104.109877]], "sum_matrix": [[6630, 2053], [2069, 6630]]}