{"kd_tree_not_leaf_node": [{"hrect": [[30.333633, 103.45526], [31.019084, 104.50026]], "left_nodeptr": 2, "right_nodeptr": 1}, {"hrect": [[30.65289, 103.45526], [31.019084, 104.50026]], "left_nodeptr": -1, "right_nodeptr": -1}, {"hrect": [[30.333633, 103.45526], [30.65289, 104.50026]], "left_nodeptr": -1, "right_nodeptr": -1}], "idx_gps": [[30.67479, 104.040492], [30.632678, 103.994293]], "sum_matrix": [[8224, 3056], [3194, 8224]]}