{"kd_tree_not_leaf_node": [{"hrect": [[30.377938, 103.839875], [31.007516, 104.585554]], "left_nodeptr": 2, "right_nodeptr": 1}, {"hrect": [[30.651512, 103.839875], [31.007516, 104.585554]], "left_nodeptr": -1, "right_nodeptr": -1}, {"hrect": [[30.377938, 103.839875], [30.651512, 104.585554]], "left_nodeptr": -1, "right_nodeptr": -1}], "idx_gps": [[30.672916, 104.075607], [30.627702, 104.130847]], "sum_matrix": [[7995, 2643], [2900, 7995]]}