{"kd_tree_not_leaf_node": [{"hrect": [[30.336478, 103.833438], [30.980476, 104.327842]], "left_nodeptr": 2, "right_nodeptr": 1}, {"hrect": [[30.65485, 103.833438], [30.980476, 104.327842]], "left_nodeptr": -1, "right_nodeptr": -1}, {"hrect": [[30.336478, 103.833438], [30.65485, 104.327842]], "left_nodeptr": -1, "right_nodeptr": -1}], "idx_gps": [[30.674034, 104.060912], [30.633839, 104.138682]], "sum_matrix": [[7486, 2621], [2707, 7486]]}