{"kd_tree_not_leaf_node": [{"hrect": [[30.395419, 103.807707], [30.853876, 104.558507]], "left_nodeptr": 2, "right_nodeptr": 1}, {"hrect": [[30.651729, 103.807707], [30.853876, 104.558507]], "left_nodeptr": -1, "right_nodeptr": -1}, {"hrect": [[30.395419, 103.807707], [30.651729, 104.558507]], "left_nodeptr": -1, "right_nodeptr": -1}], "idx_gps": [[30.67325, 104.076695], [30.627153, 104.065659]], "sum_matrix": [[8705, 2798], [3203, 8705]]}