{"kd_tree_not_leaf_node": [{"hrect": [[30.297353, 103.823602], [30.84207, 104.582235]], "left_nodeptr": 2, "right_nodeptr": 1}, {"hrect": [[30.653652, 103.823602], [30.84207, 104.582235]], "left_nodeptr": -1, "right_nodeptr": -1}, {"hrect": [[30.297353, 103.823602], [30.653652, 104.582235]], "left_nodeptr": -1, "right_nodeptr": -1}], "idx_gps": [[30.674146, 104.020962], [30.632234, 103.999819]], "sum_matrix": [[7970, 2753], [2935, 7969]]}