{"kd_tree_not_leaf_node": [{"hrect": [[30.414465, 103.82355], [31.031718, 104.377752]], "left_nodeptr": 2, "right_nodeptr": 1}, {"hrect": [[30.653438, 103.82355], [31.031718, 104.377752]], "left_nodeptr": -1, "right_nodeptr": -1}, {"hrect": [[30.414465, 103.82355], [30.653438, 104.377752]], "left_nodeptr": -1, "right_nodeptr": -1}], "idx_gps": [[30.674087, 104.058811], [30.630891, 104.076202]], "sum_matrix": [[7271, 2500], [2701, 7270]]}