{"kd_tree_not_leaf_node": [{"hrect": [[30.41182, 103.81193], [30.978113, 104.394876]], "left_nodeptr": 2, "right_nodeptr": 1}, {"hrect": [[30.653025, 103.81193], [30.978113, 104.394876]], "left_nodeptr": -1, "right_nodeptr": -1}, {"hrect": [[30.41182, 103.81193], [30.653025, 104.394876]], "left_nodeptr": -1, "right_nodeptr": -1}], "idx_gps": [[30.673713, 104.000943], [30.631529, 104.104532]], "sum_matrix": [[7648, 2644], [2720, 7648]]}