{"kd_tree_not_leaf_node": [{"hrect": [[30.400055, 103.639243], [30.991087, 104.408006]], "left_nodeptr": 2, "right_nodeptr": 1}, {"hrect": [[30.653117, 103.639243], [30.991087, 104.408006]], "left_nodeptr": -1, "right_nodeptr": -1}, {"hrect": [[30.400055, 103.639243], [30.653117, 104.408006]], "left_nodeptr": -1, "right_nodeptr": -1}], "idx_gps": [[30.672993, 104.043494], [30.63107, 104.101831]], "sum_matrix": [[8267, 3034], [2928, 8267]]}