{"kd_tree_not_leaf_node": [{"hrect": [[30.423914, 103.616753], [30.99495, 104.416504]], "left_nodeptr": 2, "right_nodeptr": 1}, {"hrect": [[30.653074, 103.616753], [30.99495, 104.416504]], "left_nodeptr": -1, "right_nodeptr": -1}, {"hrect": [[30.423914, 103.616753], [30.653074, 104.416504]], "left_nodeptr": -1, "right_nodeptr": -1}], "idx_gps": [[30.673264, 104.057151], [30.632585, 104.031747]], "sum_matrix": [[7339, 2668], [2720, 7339]]}