{"kd_tree_not_leaf_node": [{"hrect": [[30.472496, 103.793207], [30.975976, 104.4487]], "left_nodeptr": 2, "right_nodeptr": 1}, {"hrect": [[30.652735, 103.793207], [30.975976, 104.4487]], "left_nodeptr": -1, "right_nodeptr": -1}, {"hrect": [[30.472496, 103.793207], [30.652735, 104.4487]], "left_nodeptr": -1, "right_nodeptr": -1}], "idx_gps": [[30.673596, 104.023597], [30.633631, 104.033272]], "sum_matrix": [[9798, 3819], [3681, 9798]]}