{"kd_tree_not_leaf_node": [{"hrect": [[30.305256, 103.618069], [30.984151, 104.366633]], "left_nodeptr": 2, "right_nodeptr": 1}, {"hrect": [[30.652745, 103.618069], [30.984151, 104.366633]], "left_nodeptr": -1, "right_nodeptr": -1}, {"hrect": [[30.305256, 103.618069], [30.652745, 104.366633]], "left_nodeptr": -1, "right_nodeptr": -1}], "idx_gps": [[30.673005, 104.058004], [30.630912, 104.039442]], "sum_matrix": [[8085, 2938], [3067, 8085]]}