{"kd_tree_not_leaf_node": [{"hrect": [[30.380982, 103.779955], [30.987564, 104.543121]], "left_nodeptr": 2, "right_nodeptr": 1}, {"hrect": [[30.652577, 103.779955], [30.987564, 104.543121]], "left_nodeptr": -1, "right_nodeptr": -1}, {"hrect": [[30.380982, 103.779955], [30.652577, 104.543121]], "left_nodeptr": -1, "right_nodeptr": -1}], "idx_gps": [[30.672687, 104.075825], [30.632343, 104.096002]], "sum_matrix": [[8262, 3231], [3406, 8262]]}