{"kd_tree_not_leaf_node": [{"hrect": [[30.371503, 103.681072], [30.949825, 104.581365]], "left_nodeptr": 2, "right_nodeptr": 1}, {"hrect": [[30.653218, 103.681072], [30.949825, 104.581365]], "left_nodeptr": -1, "right_nodeptr": -1}, {"hrect": [[30.371503, 103.681072], [30.653218, 104.581365]], "left_nodeptr": -1, "right_nodeptr": -1}], "idx_gps": [[30.673175, 104.04034], [30.633269, 104.05998]], "sum_matrix": [[7212, 2674], [2568, 7212]]}