{"kd_tree_not_leaf_node": [{"hrect": [[30.400242, 103.703272], [30.935701, 104.309906]], "left_nodeptr": 2, "right_nodeptr": 1}, {"hrect": [[30.653757, 103.703272], [30.935701, 104.309906]], "left_nodeptr": -1, "right_nodeptr": -1}, {"hrect": [[30.400242, 103.703272], [30.653757, 104.309906]], "left_nodeptr": -1, "right_nodeptr": -1}], "idx_gps": [[30.677271, 104.084085], [30.629372, 104.09671]], "sum_matrix": [[6607, 1917], [2069, 6606]]}