{"kd_tree_not_leaf_node": [{"hrect": [[30.359968, 103.726536], [30.919532, 104.398394]], "left_nodeptr": 2, "right_nodeptr": 1}, {"hrect": [[30.654337, 103.726536], [30.919532, 104.398394]], "left_nodeptr": -1, "right_nodeptr": -1}, {"hrect": [[30.359968, 103.726536], [30.654337, 104.398394]], "left_nodeptr": -1, "right_nodeptr": -1}], "idx_gps": [[30.676188, 104.041491], [30.629556, 104.062216]], "sum_matrix": [[7880, 2451], [2465, 7880]]}