{"kd_tree_not_leaf_node": [{"hrect": [[30.455298, 103.67031], [30.956923, 104.40875]], "left_nodeptr": 2, "right_nodeptr": 1}, {"hrect": [[30.654835, 103.67031], [30.956923, 104.40875]], "left_nodeptr": -1, "right_nodeptr": -1}, {"hrect": [[30.455298, 103.67031], [30.654835, 104.40875]], "left_nodeptr": -1, "right_nodeptr": -1}], "idx_gps": [[30.676884, 104.004762], [30.633134, 104.0941]], "sum_matrix": [[6027, 2131], [2200, 6027]]}