{"kd_tree_not_leaf_node": [{"hrect": [[30.48665, 103.528124], [30.981609, 104.307626]], "left_nodeptr": 2, "right_nodeptr": 1}, {"hrect": [[30.65194, 103.528124], [30.981609, 104.307626]], "left_nodeptr": -1, "right_nodeptr": -1}, {"hrect": [[30.48665, 103.528124], [30.65194, 104.307626]], "left_nodeptr": -1, "right_nodeptr": -1}], "idx_gps": [[30.675758, 104.041836], [30.628987, 104.145578]], "sum_matrix": [[7010, 2178], [2331, 7010]]}