{"kd_tree_not_leaf_node": [{"hrect": [[30.39388, 103.661156], [30.963885, 104.297702]], "left_nodeptr": 2, "right_nodeptr": 1}, {"hrect": [[30.653443, 103.661156], [30.963885, 104.297702]], "left_nodeptr": -1, "right_nodeptr": -1}, {"hrect": [[30.39388, 103.661156], [30.653443, 104.297702]], "left_nodeptr": -1, "right_nodeptr": -1}], "idx_gps": [[30.674625, 104.069883], [30.631388, 104.09791]], "sum_matrix": [[7397, 2415], [2799, 7397]]}