{"kd_tree_not_leaf_node": [{"hrect": [[30.482373, 103.607201], [30.880949, 104.443642]], "left_nodeptr": 2, "right_nodeptr": 1}, {"hrect": [[30.653166, 103.607201], [30.880949, 104.443642]], "left_nodeptr": -1, "right_nodeptr": -1}, {"hrect": [[30.482373, 103.607201], [30.653166, 104.443642]], "left_nodeptr": -1, "right_nodeptr": -1}], "idx_gps": [[30.672472, 104.006439], [30.631852, 104.016828]], "sum_matrix": [[7714, 2885], [2832, 7714]]}