{"kd_tree_not_leaf_node": [{"hrect": [[30.323349, 103.801949], [30.892939, 104.394695]], "left_nodeptr": 2, "right_nodeptr": 1}, {"hrect": [[30.653788, 103.801949], [30.892939, 104.394695]], "left_nodeptr": -1, "right_nodeptr": -1}, {"hrect": [[30.323349, 103.801949], [30.653788, 104.394695]], "left_nodeptr": -1, "right_nodeptr": -1}], "idx_gps": [[30.674354, 104.109103], [30.631567, 104.034378]], "sum_matrix": [[7428, 2268], [2718, 7428]]}