{"kd_tree_not_leaf_node": [{"hrect": [[30.375404, 103.616235], [30.995226, 104.567438]], "left_nodeptr": 2, "right_nodeptr": 1}, {"hrect": [[30.65213, 103.616235], [30.995226, 104.567438]], "left_nodeptr": -1, "right_nodeptr": -1}, {"hrect": [[30.375404, 103.616235], [30.65213, 104.567438]], "left_nodeptr": -1, "right_nodeptr": -1}], "idx_gps": [[30.672994, 104.067186], [30.629513, 104.076274]], "sum_matrix": [[8193, 2891], [2925, 8192]]}