{"kd_tree_not_leaf_node": [{"hrect": [[30.445296, 103.286537], [30.988515, 104.308597]], "left_nodeptr": 2, "right_nodeptr": 1}, {"hrect": [[30.653227, 103.286537], [30.988515, 104.308597]], "left_nodeptr": -1, "right_nodeptr": -1}, {"hrect": [[30.445296, 103.286537], [30.653227, 104.308597]], "left_nodeptr": -1, "right_nodeptr": -1}], "idx_gps": [[30.674291, 104.053528], [30.63197, 104.147797]], "sum_matrix": [[7931, 2941], [3024, 7931]]}