{"kd_tree_not_leaf_node": [{"hrect": [[30.377125, 103.727703], [30.986021, 104.408056]], "left_nodeptr": 2, "right_nodeptr": 1}, {"hrect": [[30.65417, 103.727703], [30.986021, 104.408056]], "left_nodeptr": -1, "right_nodeptr": -1}, {"hrect": [[30.377125, 103.727703], [30.65417, 104.408056]], "left_nodeptr": -1, "right_nodeptr": -1}], "idx_gps": [[30.678499, 104.100692], [30.632299, 104.147174]], "sum_matrix": [[5972, 2065], [2154, 5972]]}