{"kd_tree_not_leaf_node": [{"hrect": [[30.328359, 103.814719], [30.976311, 104.322034]], "left_nodeptr": 2, "right_nodeptr": 1}, {"hrect": [[30.652782, 103.814719], [30.976311, 104.322034]], "left_nodeptr": -1, "right_nodeptr": -1}, {"hrect": [[30.328359, 103.814719], [30.652782, 104.322034]], "left_nodeptr": -1, "right_nodeptr": -1}], "idx_gps": [[30.673615, 104.058383], [30.628986, 104.144006]], "sum_matrix": [[8706, 2922], [3124, 8706]]}