{"kd_tree_not_leaf_node": [{"hrect": [[30.366469, 103.641405], [30.989394, 104.573199]], "left_nodeptr": 2, "right_nodeptr": 1}, {"hrect": [[30.653404, 103.641405], [30.989394, 104.573199]], "left_nodeptr": -1, "right_nodeptr": -1}, {"hrect": [[30.366469, 103.641405], [30.653404, 104.573199]], "left_nodeptr": -1, "right_nodeptr": -1}], "idx_gps": [[30.672541, 103.98502], [30.633892, 104.045619]], "sum_matrix": [[8902, 3132], [3195, 8902]]}