{"kd_tree_not_leaf_node": [{"hrect": [[30.353683, 103.275204], [30.94595, 104.333056]], "left_nodeptr": 2, "right_nodeptr": 1}, {"hrect": [[30.652827, 103.275204], [30.94595, 104.333056]], "left_nodeptr": -1, "right_nodeptr": -1}, {"hrect": [[30.353683, 103.275204], [30.652827, 104.333056]], "left_nodeptr": -1, "right_nodeptr": -1}], "idx_gps": [[30.67253, 104.048162], [30.631506, 104.034245]], "sum_matrix": [[7736, 2802], [2895, 7735]]}