{"kd_tree_not_leaf_node": [{"hrect": [[30.349601, 103.834778], [30.817921, 104.310084]], "left_nodeptr": 2, "right_nodeptr": 1}, {"hrect": [[30.652717, 103.834778], [30.817921, 104.310084]], "left_nodeptr": -1, "right_nodeptr": -1}, {"hrect": [[30.349601, 103.834778], [30.652717, 104.310084]], "left_nodeptr": -1, "right_nodeptr": -1}], "idx_gps": [[30.675319, 104.000067], [30.629218, 104.144046]], "sum_matrix": [[6699, 2029], [2275, 6699]]}