{"kd_tree_not_leaf_node": [{"hrect": [[30.384014, 103.820933], [30.945869, 104.40805]], "left_nodeptr": 2, "right_nodeptr": 1}, {"hrect": [[30.651271, 103.820933], [30.945869, 104.40805]], "left_nodeptr": -1, "right_nodeptr": -1}, {"hrect": [[30.384014, 103.820933], [30.651271, 104.40805]], "left_nodeptr": -1, "right_nodeptr": -1}], "idx_gps": [[30.672598, 104.076395], [30.625714, 104.154168]], "sum_matrix": [[6431, 1978], [2111, 6431]]}