{"kd_tree_not_leaf_node": [{"hrect": [[30.435314, 103.727917], [30.993306, 104.403536]], "left_nodeptr": 2, "right_nodeptr": 1}, {"hrect": [[30.652711, 103.727917], [30.993306, 104.403536]], "left_nodeptr": -1, "right_nodeptr": -1}, {"hrect": [[30.435314, 103.727917], [30.652711, 104.403536]], "left_nodeptr": -1, "right_nodeptr": -1}], "idx_gps": [[30.673081, 104.048301], [30.631432, 104.035402]], "sum_matrix": [[7837, 2911], [2949, 7837]]}