{"kd_tree_not_leaf_node": [{"hrect": [[30.327807, 103.829647], [30.942614, 104.564343]], "left_nodeptr": 2, "right_nodeptr": 1}, {"hrect": [[30.651647, 103.829647], [30.942614, 104.564343]], "left_nodeptr": -1, "right_nodeptr": -1}, {"hrect": [[30.327807, 103.829647], [30.651647, 104.564343]], "left_nodeptr": -1, "right_nodeptr": -1}], "idx_gps": [[30.672672, 104.076068], [30.629449, 104.03481]], "sum_matrix": [[7683, 2679], [2652, 7683]]}