{"kd_tree_not_leaf_node": [{"hrect": [[30.424204, 103.573951], [30.952328, 104.324363]], "left_nodeptr": 2, "right_nodeptr": 1}, {"hrect": [[30.652501, 103.573951], [30.952328, 104.324363]], "left_nodeptr": -1, "right_nodeptr": -1}, {"hrect": [[30.424204, 103.573951], [30.652501, 104.324363]], "left_nodeptr": -1, "right_nodeptr": -1}], "idx_gps": [[30.673396, 104.005348], [30.630677, 104.042253]], "sum_matrix": [[8220, 3144], [3404, 8220]]}