{"kd_tree_not_leaf_node": [{"hrect": [[30.389668, 103.537846], [30.901297, 104.279115]], "left_nodeptr": 2, "right_nodeptr": 1}, {"hrect": [[30.651495, 103.537846], [30.901297, 104.279115]], "left_nodeptr": -1, "right_nodeptr": -1}, {"hrect": [[30.389668, 103.537846], [30.651495, 104.279115]], "left_nodeptr": -1, "right_nodeptr": -1}], "idx_gps": [[30.673354, 104.087525], [30.62795, 104.066931]], "sum_matrix": [[7563, 2451], [2501, 7563]]}