{"kd_tree_not_leaf_node": [{"hrect": [[30.476276, 103.826399], [30.861666, 104.324428]], "left_nodeptr": 2, "right_nodeptr": 1}, {"hrect": [[30.653256, 103.826399], [30.861666, 104.324428]], "left_nodeptr": -1, "right_nodeptr": -1}, {"hrect": [[30.476276, 103.826399], [30.653256, 104.324428]], "left_nodeptr": -1, "right_nodeptr": -1}], "idx_gps": [[30.673634, 103.983028], [30.630435, 104.14166]], "sum_matrix": [[7235, 2553], [2776, 7235]]}