{"kd_tree_not_leaf_node": [{"hrect": [[30.480692, 103.829287], [30.885177, 104.253002]], "left_nodeptr": 2, "right_nodeptr": 1}, {"hrect": [[30.652489, 103.829287], [30.885177, 104.253002]], "left_nodeptr": -1, "right_nodeptr": -1}, {"hrect": [[30.480692, 103.829287], [30.652489, 104.253002]], "left_nodeptr": -1, "right_nodeptr": -1}], "idx_gps": [[30.675227, 104.059604], [30.626663, 104.051288]], "sum_matrix": [[6900, 2009], [2242, 6900]]}