{"kd_tree_not_leaf_node": [{"hrect": [[30.320672, 103.479665], [30.881121, 104.333413]], "left_nodeptr": 2, "right_nodeptr": 1}, {"hrect": [[30.652252, 103.479665], [30.881121, 104.333413]], "left_nodeptr": -1, "right_nodeptr": -1}, {"hrect": [[30.320672, 103.479665], [30.652252, 104.333413]], "left_nodeptr": -1, "right_nodeptr": -1}], "idx_gps": [[30.673743, 104.056002], [30.631596, 104.003699]], "sum_matrix": [[7970, 2897], [3023, 7970]]}