{"kd_tree_not_leaf_node": [{"hrect": [[30.365066, 103.818771], [30.990696, 104.609496]], "left_nodeptr": 2, "right_nodeptr": 1}, {"hrect": [[30.652961, 103.818771], [30.990696, 104.609496]], "left_nodeptr": -1, "right_nodeptr": -1}, {"hrect": [[30.365066, 103.818771], [30.652961, 104.609496]], "left_nodeptr": -1, "right_nodeptr": -1}], "idx_gps": [[30.672544, 104.123899], [30.632693, 103.994137]], "sum_matrix": [[7093, 2785], [2622, 7093]]}