{"kd_tree_not_leaf_node": [{"hrect": [[30.419387, 103.797551], [30.980171, 104.408006]], "left_nodeptr": 2, "right_nodeptr": 1}, {"hrect": [[30.653123, 103.797551], [30.980171, 104.408006]], "left_nodeptr": -1, "right_nodeptr": -1}, {"hrect": [[30.419387, 103.797551], [30.653123, 104.408006]], "left_nodeptr": -1, "right_nodeptr": -1}], "idx_gps": [[30.672764, 104.033042], [30.631937, 104.066429]], "sum_matrix": [[8240, 2857], [2995, 8240]]}