{"kd_tree_not_leaf_node": [{"hrect": [[30.454355, 103.668325], [30.958534, 104.423411]], "left_nodeptr": 2, "right_nodeptr": 1}, {"hrect": [[30.652617, 103.668325], [30.958534, 104.423411]], "left_nodeptr": -1, "right_nodeptr": -1}, {"hrect": [[30.454355, 103.668325], [30.652617, 104.423411]], "left_nodeptr": -1, "right_nodeptr": -1}], "idx_gps": [[30.674195, 104.041828], [30.629648, 104.076214]], "sum_matrix": [[7945, 3016], [3246, 7945]]}