{"kd_tree_not_leaf_node": [{"hrect": [[30.326823, 103.836423], [30.854196, 104.40805]], "left_nodeptr": 2, "right_nodeptr": 1}, {"hrect": [[30.655652, 103.836423], [30.854196, 104.40805]], "left_nodeptr": -1, "right_nodeptr": -1}, {"hrect": [[30.326823, 103.836423], [30.655652, 104.40805]], "left_nodeptr": -1, "right_nodeptr": -1}], "idx_gps": [[30.676476, 103.959918], [30.630147, 104.052387]], "sum_matrix": [[5943, 1732], [1745, 5943]]}