{"kd_tree_not_leaf_node": [{"hrect": [[30.442593, 103.630241], [30.978146, 104.600774]], "left_nodeptr": 2, "right_nodeptr": 1}, {"hrect": [[30.652421, 103.630241], [30.978146, 104.600774]], "left_nodeptr": -1, "right_nodeptr": -1}, {"hrect": [[30.442593, 103.630241], [30.652421, 104.600774]], "left_nodeptr": -1, "right_nodeptr": -1}], "idx_gps": [[30.674061, 104.021608], [30.633345, 104.027563]], "sum_matrix": [[10338, 3975], [3896, 10338]]}