{"kd_tree_not_leaf_node": [{"hrect": [[30.487727, 103.679679], [30.991017, 104.334046]], "left_nodeptr": 2, "right_nodeptr": 1}, {"hrect": [[30.652703, 103.679679], [30.991017, 104.334046]], "left_nodeptr": -1, "right_nodeptr": -1}, {"hrect": [[30.487727, 103.679679], [30.652703, 104.334046]], "left_nodeptr": -1, "right_nodeptr": -1}], "idx_gps": [[30.682048, 104.08477], [30.629661, 104.142042]], "sum_matrix": [[2803, 1266], [933, 2803]]}