{"kd_tree_not_leaf_node": [{"hrect": [[30.366168, 103.675842], [31.024005, 104.308145]], "left_nodeptr": 2, "right_nodeptr": 1}, {"hrect": [[30.654163, 103.675842], [31.024005, 104.308145]], "left_nodeptr": -1, "right_nodeptr": -1}, {"hrect": [[30.366168, 103.675842], [30.654163, 104.308145]], "left_nodeptr": -1, "right_nodeptr": -1}], "idx_gps": [[30.675915, 104.110969], [30.62852, 104.048617]], "sum_matrix": [[7334, 2228], [2337, 7334]]}