{"kd_tree_not_leaf_node": [{"hrect": [[30.398859, 103.649344], [30.99679, 104.37365]], "left_nodeptr": 2, "right_nodeptr": 1}, {"hrect": [[30.653214, 103.649344], [30.99679, 104.37365]], "left_nodeptr": -1, "right_nodeptr": -1}, {"hrect": [[30.398859, 103.649344], [30.653214, 104.37365]], "left_nodeptr": -1, "right_nodeptr": -1}], "idx_gps": [[30.674545, 104.005662], [30.632951, 104.030773]], "sum_matrix": [[7776, 2885], [3098, 7776]]}