{"kd_tree_not_leaf_node": [{"hrect": [[30.485149, 103.837844], [30.991121, 104.306804]], "left_nodeptr": 2, "right_nodeptr": 1}, {"hrect": [[30.653044, 103.837844], [30.991121, 104.306804]], "left_nodeptr": -1, "right_nodeptr": -1}, {"hrect": [[30.485149, 103.837844], [30.653044, 104.306804]], "left_nodeptr": -1, "right_nodeptr": -1}], "idx_gps": [[30.68203, 104.085627], [30.629865, 104.143079]], "sum_matrix": [[2840, 1313], [925, 2840]]}