{"kd_tree_not_leaf_node": [{"hrect": [[30.484081, 103.600149], [31.002047, 104.330034]], "left_nodeptr": 2, "right_nodeptr": 1}, {"hrect": [[30.653221, 103.600149], [31.002047, 104.330034]], "left_nodeptr": -1, "right_nodeptr": -1}, {"hrect": [[30.484081, 103.600149], [30.653221, 104.330034]], "left_nodeptr": -1, "right_nodeptr": -1}], "idx_gps": [[30.673548, 104.102843], [30.6303, 104.138783]], "sum_matrix": [[8753, 3101], [3285, 8751]]}