{"kd_tree_not_leaf_node": [{"hrect": [[30.417287, 103.670528], [30.957391, 104.274278]], "left_nodeptr": 2, "right_nodeptr": 1}, {"hrect": [[30.653191, 103.670528], [30.957391, 104.274278]], "left_nodeptr": -1, "right_nodeptr": -1}, {"hrect": [[30.417287, 103.670528], [30.653191, 104.274278]], "left_nodeptr": -1, "right_nodeptr": -1}], "idx_gps": [[30.673276, 104.017595], [30.633167, 104.101309]], "sum_matrix": [[9773, 3386], [3475, 9773]]}