{"kd_tree_not_leaf_node": [{"hrect": [[30.425327, 103.673288], [30.897171, 104.4487]], "left_nodeptr": 2, "right_nodeptr": 1}, {"hrect": [[30.653933, 103.673288], [30.897171, 104.4487]], "left_nodeptr": -1, "right_nodeptr": -1}, {"hrect": [[30.425327, 103.673288], [30.653933, 104.4487]], "left_nodeptr": -1, "right_nodeptr": -1}], "idx_gps": [[30.675852, 104.018417], [30.632732, 104.005724]], "sum_matrix": [[7044, 2389], [2529, 7044]]}