{"kd_tree_not_leaf_node": [{"hrect": [[30.292938, 103.72393], [30.840445, 104.309006]], "left_nodeptr": 2, "right_nodeptr": 1}, {"hrect": [[30.65252, 103.72393], [30.840445, 104.309006]], "left_nodeptr": -1, "right_nodeptr": -1}, {"hrect": [[30.292938, 103.72393], [30.65252, 104.309006]], "left_nodeptr": -1, "right_nodeptr": -1}], "idx_gps": [[30.67247, 104.124437], [30.632071, 104.103682]], "sum_matrix": [[8625, 3253], [3440, 8625]]}