{"kd_tree_not_leaf_node": [{"hrect": [[30.481277, 103.517755], [30.960766, 104.306566]], "left_nodeptr": 2, "right_nodeptr": 1}, {"hrect": [[30.652665, 103.517755], [30.960766, 104.306566]], "left_nodeptr": -1, "right_nodeptr": -1}, {"hrect": [[30.481277, 103.517755], [30.652665, 104.306566]], "left_nodeptr": -1, "right_nodeptr": -1}], "idx_gps": [[30.674186, 104.044249], [30.632729, 104.066798]], "sum_matrix": [[9725, 3699], [3920, 9725]]}