{"kd_tree_not_leaf_node": [{"hrect": [[30.413983, 103.659782], [30.992575, 104.269354]], "left_nodeptr": 2, "right_nodeptr": 1}, {"hrect": [[30.652848, 103.659782], [30.992575, 104.269354]], "left_nodeptr": -1, "right_nodeptr": -1}, {"hrect": [[30.413983, 103.659782], [30.652848, 104.269354]], "left_nodeptr": -1, "right_nodeptr": -1}], "idx_gps": [[30.673952, 104.058751], [30.633089, 104.032416]], "sum_matrix": [[9490, 3528], [3681, 9490]]}