{"kd_tree_not_leaf_node": [{"hrect": [[30.35818, 103.688197], [30.945966, 104.259658]], "left_nodeptr": 2, "right_nodeptr": 1}, {"hrect": [[30.653436, 103.688197], [30.945966, 104.259658]], "left_nodeptr": -1, "right_nodeptr": -1}, {"hrect": [[30.35818, 103.688197], [30.653436, 104.259658]], "left_nodeptr": -1, "right_nodeptr": -1}], "idx_gps": [[30.673231, 104.136406], [30.63343, 104.049837]], "sum_matrix": [[7944, 2907], [2857, 7943]]}