{"kd_tree_not_leaf_node": [{"hrect": [[30.385654, 103.813288], [30.897688, 104.498243]], "left_nodeptr": 2, "right_nodeptr": 1}, {"hrect": [[30.653043, 103.813288], [30.897688, 104.498243]], "left_nodeptr": -1, "right_nodeptr": -1}, {"hrect": [[30.385654, 103.813288], [30.653043, 104.498243]], "left_nodeptr": -1, "right_nodeptr": -1}], "idx_gps": [[30.67535, 104.070776], [30.628176, 104.040852]], "sum_matrix": [[7779, 2487], [2548, 7779]]}