{"kd_tree_not_leaf_node": [{"hrect": [[30.449117, 103.68941], [30.939349, 104.333645]], "left_nodeptr": 2, "right_nodeptr": 1}, {"hrect": [[30.651768, 103.68941], [30.939349, 104.333645]], "left_nodeptr": -1, "right_nodeptr": -1}, {"hrect": [[30.449117, 103.68941], [30.651768, 104.333645]], "left_nodeptr": -1, "right_nodeptr": -1}], "idx_gps": [[30.672807, 104.027143], [30.629942, 104.141811]], "sum_matrix": [[7951, 2911], [3097, 7950]]}