{"kd_tree_not_leaf_node": [{"hrect": [[30.480127, 103.759153], [30.877912, 104.309449]], "left_nodeptr": 2, "right_nodeptr": 1}, {"hrect": [[30.651888, 103.759153], [30.877912, 104.309449]], "left_nodeptr": -1, "right_nodeptr": -1}, {"hrect": [[30.480127, 103.759153], [30.651888, 104.309449]], "left_nodeptr": -1, "right_nodeptr": -1}], "idx_gps": [[30.671622, 104.056994], [30.630614, 104.014818]], "sum_matrix": [[8009, 2771], [2934, 8007]]}