{"kd_tree_not_leaf_node": [{"hrect": [[30.452379, 103.642778], [30.980718, 104.309833]], "left_nodeptr": 2, "right_nodeptr": 1}, {"hrect": [[30.652111, 103.642778], [30.980718, 104.309833]], "left_nodeptr": -1, "right_nodeptr": -1}, {"hrect": [[30.452379, 103.642778], [30.652111, 104.309833]], "left_nodeptr": -1, "right_nodeptr": -1}], "idx_gps": [[30.673469, 104.097836], [30.629706, 104.049268]], "sum_matrix": [[8236, 2667], [2873, 8236]]}