{"kd_tree_not_leaf_node": [{"hrect": [[30.398859, 103.696481], [30.989267, 104.421293]], "left_nodeptr": 2, "right_nodeptr": 1}, {"hrect": [[30.653215, 103.696481], [30.989267, 104.421293]], "left_nodeptr": -1, "right_nodeptr": -1}, {"hrect": [[30.398859, 103.696481], [30.653215, 104.421293]], "left_nodeptr": -1, "right_nodeptr": -1}], "idx_gps": [[30.674493, 104.053674], [30.633349, 104.033738]], "sum_matrix": [[9157, 3340], [3327, 9157]]}