{"kd_tree_not_leaf_node": [{"hrect": [[30.422188, 103.53947], [30.993909, 104.313875]], "left_nodeptr": 2, "right_nodeptr": 1}, {"hrect": [[30.653844, 103.53947], [30.993909, 104.313875]], "left_nodeptr": -1, "right_nodeptr": -1}, {"hrect": [[30.422188, 103.53947], [30.653844, 104.313875]], "left_nodeptr": -1, "right_nodeptr": -1}], "idx_gps": [[30.678498, 104.048015], [30.631357, 104.02998]], "sum_matrix": [[5789, 1958], [2179, 5789]]}