{"kd_tree_not_leaf_node": [{"hrect": [[30.335911, 103.659139], [30.965411, 104.549414]], "left_nodeptr": 2, "right_nodeptr": 1}, {"hrect": [[30.652871, 103.659139], [30.965411, 104.549414]], "left_nodeptr": -1, "right_nodeptr": -1}, {"hrect": [[30.335911, 103.659139], [30.652871, 104.549414]], "left_nodeptr": -1, "right_nodeptr": -1}], "idx_gps": [[30.67361, 104.056089], [30.631231, 104.058478]], "sum_matrix": [[8367, 3106], [3403, 8366]]}