{"kd_tree_not_leaf_node": [{"hrect": [[30.406874, 103.836453], [30.973475, 104.284316]], "left_nodeptr": 2, "right_nodeptr": 1}, {"hrect": [[30.655574, 103.836453], [30.973475, 104.284316]], "left_nodeptr": -1, "right_nodeptr": -1}, {"hrect": [[30.406874, 103.836453], [30.655574, 104.284316]], "left_nodeptr": -1, "right_nodeptr": -1}], "idx_gps": [[30.682222, 104.030023], [30.630364, 104.036309]], "sum_matrix": [[2673, 1077], [953, 2673]]}