{"kd_tree_not_leaf_node": [{"hrect": [[30.424006, 103.69344], [30.94207, 104.293134]], "left_nodeptr": 2, "right_nodeptr": 1}, {"hrect": [[30.654123, 103.69344], [30.94207, 104.293134]], "left_nodeptr": -1, "right_nodeptr": -1}, {"hrect": [[30.424006, 103.69344], [30.654123, 104.293134]], "left_nodeptr": -1, "right_nodeptr": -1}], "idx_gps": [[30.67728, 104.057326], [30.629975, 104.136677]], "sum_matrix": [[6347, 1887], [1875, 6347]]}