{"kd_tree_not_leaf_node": [{"hrect": [[30.318652, 103.626882], [30.987951, 104.461709]], "left_nodeptr": 2, "right_nodeptr": 1}, {"hrect": [[30.653136, 103.626882], [30.987951, 104.461709]], "left_nodeptr": -1, "right_nodeptr": -1}, {"hrect": [[30.318652, 103.626882], [30.653136, 104.461709]], "left_nodeptr": -1, "right_nodeptr": -1}], "idx_gps": [[30.674856, 104.028666], [30.630083, 104.153172]], "sum_matrix": [[6936, 2273], [2209, 6936]]}