{"kd_tree_not_leaf_node": [{"hrect": [[30.417478, 103.384474], [30.97967, 104.391374]], "left_nodeptr": 2, "right_nodeptr": 1}, {"hrect": [[30.653453, 103.384474], [30.97967, 104.391374]], "left_nodeptr": -1, "right_nodeptr": -1}, {"hrect": [[30.417478, 103.384474], [30.653453, 104.391374]], "left_nodeptr": -1, "right_nodeptr": -1}], "idx_gps": [[30.673412, 104.068907], [30.6347, 104.041873]], "sum_matrix": [[9308, 3644], [3454, 9308]]}