{"kd_tree_not_leaf_node": [{"hrect": [[30.389601, 103.496112], [31.014266, 104.408295]], "left_nodeptr": 2, "right_nodeptr": 1}, {"hrect": [[30.653022, 103.496112], [31.014266, 104.408295]], "left_nodeptr": -1, "right_nodeptr": -1}, {"hrect": [[30.389601, 103.496112], [30.653022, 104.408295]], "left_nodeptr": -1, "right_nodeptr": -1}], "idx_gps": [[30.677902, 103.988605], [30.630727, 104.106367]], "sum_matrix": [[5566, 2088], [2184, 5566]]}