{"kd_tree_not_leaf_node": [{"hrect": [[30.496718, 103.67979], [30.884476, 104.265439]], "left_nodeptr": 2, "right_nodeptr": 1}, {"hrect": [[30.653217, 103.67979], [30.884476, 104.265439]], "left_nodeptr": -1, "right_nodeptr": -1}, {"hrect": [[30.496718, 103.67979], [30.653217, 104.265439]], "left_nodeptr": -1, "right_nodeptr": -1}], "idx_gps": [[30.673702, 104.050421], [30.63188, 104.04001]], "sum_matrix": [[7857, 2901], [2795, 7857]]}