{"kd_tree_not_leaf_node": [{"hrect": [[30.329367, 103.337262], [30.911819, 104.558709]], "left_nodeptr": 2, "right_nodeptr": 1}, {"hrect": [[30.653224, 103.337262], [30.911819, 104.558709]], "left_nodeptr": -1, "right_nodeptr": -1}, {"hrect": [[30.329367, 103.337262], [30.653224, 104.558709]], "left_nodeptr": -1, "right_nodeptr": -1}], "idx_gps": [[30.672897, 104.125257], [30.631951, 104.050646]], "sum_matrix": [[8692, 3261], [3493, 8692]]}