{"kd_tree_not_leaf_node": [{"hrect": [[30.485721, 103.839936], [30.975566, 104.254201]], "left_nodeptr": 2, "right_nodeptr": 1}, {"hrect": [[30.654781, 103.839936], [30.975566, 104.254201]], "left_nodeptr": -1, "right_nodeptr": -1}, {"hrect": [[30.485721, 103.839936], [30.654781, 104.254201]], "left_nodeptr": -1, "right_nodeptr": -1}], "idx_gps": [[30.677656, 103.962126], [30.632894, 104.066428]], "sum_matrix": [[7338, 2588], [2678, 7338]]}