{"kd_tree_not_leaf_node": [{"hrect": [[30.348348, 103.618316], [30.979566, 104.272607]], "left_nodeptr": 2, "right_nodeptr": 1}, {"hrect": [[30.652853, 103.618316], [30.979566, 104.272607]], "left_nodeptr": -1, "right_nodeptr": -1}, {"hrect": [[30.348348, 103.618316], [30.652853, 104.272607]], "left_nodeptr": -1, "right_nodeptr": -1}], "idx_gps": [[30.677067, 104.079547], [30.629139, 104.048857]], "sum_matrix": [[6154, 1916], [1897, 6153]]}