{"kd_tree_not_leaf_node": [{"hrect": [[30.472363, 103.600996], [30.956024, 104.301094]], "left_nodeptr": 2, "right_nodeptr": 1}, {"hrect": [[30.652627, 103.600996], [30.956024, 104.301094]], "left_nodeptr": -1, "right_nodeptr": -1}, {"hrect": [[30.472363, 103.600996], [30.652627, 104.301094]], "left_nodeptr": -1, "right_nodeptr": -1}], "idx_gps": [[30.674795, 104.033589], [30.630842, 104.14053]], "sum_matrix": [[8484, 3244], [3535, 8484]]}