{"kd_tree_not_leaf_node": [{"hrect": [[30.485344, 103.69574], [30.958557, 104.414625]], "left_nodeptr": 2, "right_nodeptr": 1}, {"hrect": [[30.654178, 103.69574], [30.958557, 104.414625]], "left_nodeptr": -1, "right_nodeptr": -1}, {"hrect": [[30.485344, 103.69574], [30.654178, 104.414625]], "left_nodeptr": -1, "right_nodeptr": -1}], "idx_gps": [[30.673028, 104.019203], [30.635606, 104.095967]], "sum_matrix": [[8160, 2981], [3128, 8160]]}