{"kd_tree_not_leaf_node": [{"hrect": [[30.305964, 103.84859], [30.990613, 104.566067]], "left_nodeptr": 2, "right_nodeptr": 1}, {"hrect": [[30.653001, 103.84859], [30.990613, 104.566067]], "left_nodeptr": -1, "right_nodeptr": -1}, {"hrect": [[30.305964, 103.84859], [30.653001, 104.566067]], "left_nodeptr": -1, "right_nodeptr": -1}], "idx_gps": [[30.674186, 104.135168], [30.633012, 104.001667]], "sum_matrix": [[9134, 3359], [3323, 9133]]}