{"kd_tree_not_leaf_node": [{"hrect": [[30.485817, 103.70252], [30.9323, 104.392646]], "left_nodeptr": 2, "right_nodeptr": 1}, {"hrect": [[30.653364, 103.70252], [30.9323, 104.392646]], "left_nodeptr": -1, "right_nodeptr": -1}, {"hrect": [[30.485817, 103.70252], [30.653364, 104.392646]], "left_nodeptr": -1, "right_nodeptr": -1}], "idx_gps": [[30.673017, 104.002], [30.636122, 104.0762]], "sum_matrix": [[9629, 3736], [3416, 9629]]}