{"kd_tree_not_leaf_node": [{"hrect": [[30.463686, 103.838039], [30.939361, 104.27277]], "left_nodeptr": 2, "right_nodeptr": 1}, {"hrect": [[30.653401, 103.838039], [30.939361, 104.27277]], "left_nodeptr": -1, "right_nodeptr": -1}, {"hrect": [[30.463686, 103.838039], [30.653401, 104.27277]], "left_nodeptr": -1, "right_nodeptr": -1}], "idx_gps": [[30.682116, 104.085006], [30.630009, 104.142185]], "sum_matrix": [[2815, 1224], [958, 2815]]}