{"kd_tree_not_leaf_node": [{"hrect": [[30.368424, 103.631195], [30.981537, 104.40805]], "left_nodeptr": 2, "right_nodeptr": 1}, {"hrect": [[30.654625, 103.631195], [30.981537, 104.40805]], "left_nodeptr": -1, "right_nodeptr": -1}, {"hrect": [[30.368424, 103.631195], [30.654625, 104.40805]], "left_nodeptr": -1, "right_nodeptr": -1}], "idx_gps": [[30.675676, 104.109423], [30.631986, 104.147177]], "sum_matrix": [[7692, 2464], [2402, 7692]]}