{"kd_tree_not_leaf_node": [{"hrect": [[30.423797, 103.696305], [30.97578, 104.435679]], "left_nodeptr": 2, "right_nodeptr": 1}, {"hrect": [[30.653003, 103.696305], [30.97578, 104.435679]], "left_nodeptr": -1, "right_nodeptr": -1}, {"hrect": [[30.423797, 103.696305], [30.653003, 104.435679]], "left_nodeptr": -1, "right_nodeptr": -1}], "idx_gps": [[30.673106, 104.000843], [30.631881, 104.030773]], "sum_matrix": [[8366, 3136], [3381, 8366]]}