{"kd_tree_not_leaf_node": [{"hrect": [[30.481822, 103.818046], [30.872279, 104.387161]], "left_nodeptr": 2, "right_nodeptr": 1}, {"hrect": [[30.65284, 103.818046], [30.872279, 104.387161]], "left_nodeptr": -1, "right_nodeptr": -1}, {"hrect": [[30.481822, 103.818046], [30.65284, 104.387161]], "left_nodeptr": -1, "right_nodeptr": -1}], "idx_gps": [[30.674336, 104.077682], [30.629745, 104.138505]], "sum_matrix": [[7830, 2698], [2753, 7830]]}