{"kd_tree_not_leaf_node": [{"hrect": [[30.470912, 103.630367], [30.848352, 104.408295]], "left_nodeptr": 2, "right_nodeptr": 1}, {"hrect": [[30.653505, 103.630367], [30.848352, 104.408295]], "left_nodeptr": -1, "right_nodeptr": -1}, {"hrect": [[30.470912, 103.630367], [30.653505, 104.408295]], "left_nodeptr": -1, "right_nodeptr": -1}], "idx_gps": [[30.675978, 104.051836], [30.6285, 104.139008]], "sum_matrix": [[6811, 2040], [2160, 6810]]}