{"kd_tree_not_leaf_node": [{"hrect": [[30.481369, 103.819133], [30.993689, 104.358896]], "left_nodeptr": 2, "right_nodeptr": 1}, {"hrect": [[30.653076, 103.819133], [30.993689, 104.358896]], "left_nodeptr": -1, "right_nodeptr": -1}, {"hrect": [[30.481369, 103.819133], [30.653076, 104.358896]], "left_nodeptr": -1, "right_nodeptr": -1}], "idx_gps": [[30.673226, 104.048366], [30.631309, 104.066769]], "sum_matrix": [[8172, 2869], [2969, 8172]]}