{"kd_tree_not_leaf_node": [{"hrect": [[30.354582, 103.68259], [30.990542, 104.583637]], "left_nodeptr": 2, "right_nodeptr": 1}, {"hrect": [[30.652791, 103.68259], [30.990542, 104.583637]], "left_nodeptr": -1, "right_nodeptr": -1}, {"hrect": [[30.354582, 103.68259], [30.652791, 104.583637]], "left_nodeptr": -1, "right_nodeptr": -1}], "idx_gps": [[30.672971, 104.05767], [30.630772, 103.993813]], "sum_matrix": [[8427, 2982], [3137, 8427]]}