{"kd_tree_not_leaf_node": [{"hrect": [[30.435645, 103.611521], [31.005815, 104.321272]], "left_nodeptr": 2, "right_nodeptr": 1}, {"hrect": [[30.653483, 103.611521], [31.005815, 104.321272]], "left_nodeptr": -1, "right_nodeptr": -1}, {"hrect": [[30.435645, 103.611521], [30.653483, 104.321272]], "left_nodeptr": -1, "right_nodeptr": -1}], "idx_gps": [[30.673267, 104.109706], [30.632839, 104.001059]], "sum_matrix": [[6918, 2604], [2581, 6918]]}