{"kd_tree_not_leaf_node": [{"hrect": [[30.297897, 103.642462], [31.023606, 104.590535]], "left_nodeptr": 2, "right_nodeptr": 1}, {"hrect": [[30.653501, 103.642462], [31.023606, 104.590535]], "left_nodeptr": -1, "right_nodeptr": -1}, {"hrect": [[30.297897, 103.642462], [30.653501, 104.590535]], "left_nodeptr": -1, "right_nodeptr": -1}], "idx_gps": [[30.673264, 104.058244], [30.634064, 104.076816]], "sum_matrix": [[9893, 3638], [3470, 9891]]}