{"kd_tree_not_leaf_node": [{"hrect": [[30.415844, 103.507912], [30.986595, 104.578201]], "left_nodeptr": 2, "right_nodeptr": 1}, {"hrect": [[30.652641, 103.507912], [30.986595, 104.578201]], "left_nodeptr": -1, "right_nodeptr": -1}, {"hrect": [[30.415844, 103.507912], [30.652641, 104.578201]], "left_nodeptr": -1, "right_nodeptr": -1}], "idx_gps": [[30.672511, 103.978971], [30.630458, 104.04437]], "sum_matrix": [[8375, 3118], [3319, 8375]]}