{"kd_tree_not_leaf_node": [{"hrect": [[30.482656, 103.517755], [30.997045, 104.277983]], "left_nodeptr": 2, "right_nodeptr": 1}, {"hrect": [[30.652615, 103.517755], [30.997045, 104.277983]], "left_nodeptr": -1, "right_nodeptr": -1}, {"hrect": [[30.482656, 103.517755], [30.652615, 104.277983]], "left_nodeptr": -1, "right_nodeptr": -1}], "idx_gps": [[30.673514, 104.014313], [30.634551, 104.037416]], "sum_matrix": [[10062, 3678], [3571, 10061]]}