{"kd_tree_not_leaf_node": [{"hrect": [[30.422998, 103.577058], [30.994908, 104.504484]], "left_nodeptr": 2, "right_nodeptr": 1}, {"hrect": [[30.651641, 103.577058], [30.994908, 104.504484]], "left_nodeptr": -1, "right_nodeptr": -1}, {"hrect": [[30.422998, 103.577058], [30.651641, 104.504484]], "left_nodeptr": -1, "right_nodeptr": -1}], "idx_gps": [[30.672303, 104.091512], [30.627539, 104.141387]], "sum_matrix": [[7221, 2358], [2677, 7221]]}