{"kd_tree_not_leaf_node": [{"hrect": [[30.433016, 103.822992], [30.98078, 104.280811]], "left_nodeptr": 2, "right_nodeptr": 1}, {"hrect": [[30.653924, 103.822992], [30.98078, 104.280811]], "left_nodeptr": -1, "right_nodeptr": -1}, {"hrect": [[30.433016, 103.822992], [30.653924, 104.280811]], "left_nodeptr": -1, "right_nodeptr": -1}], "idx_gps": [[30.675755, 104.069919], [30.628468, 104.066489]], "sum_matrix": [[7575, 2291], [2459, 7575]]}