{"kd_tree_not_leaf_node": [{"hrect": [[30.412203, 103.66395], [30.961491, 104.409207]], "left_nodeptr": 2, "right_nodeptr": 1}, {"hrect": [[30.652315, 103.66395], [30.961491, 104.409207]], "left_nodeptr": -1, "right_nodeptr": -1}, {"hrect": [[30.412203, 103.66395], [30.652315, 104.409207]], "left_nodeptr": -1, "right_nodeptr": -1}], "idx_gps": [[30.680897, 103.975577], [30.62966, 104.142357]], "sum_matrix": [[2609, 1227], [891, 2608]]}