{"kd_tree_not_leaf_node": [{"hrect": [[30.41831, 103.455681], [30.988459, 104.426632]], "left_nodeptr": 2, "right_nodeptr": 1}, {"hrect": [[30.653614, 103.455681], [30.988459, 104.426632]], "left_nodeptr": -1, "right_nodeptr": -1}, {"hrect": [[30.41831, 103.455681], [30.653614, 104.426632]], "left_nodeptr": -1, "right_nodeptr": -1}], "idx_gps": [[30.674032, 104.060259], [30.635088, 104.042095]], "sum_matrix": [[9983, 3644], [3575, 9982]]}