{"kd_tree_not_leaf_node": [{"hrect": [[30.364974, 103.746489], [30.899166, 104.527924]], "left_nodeptr": 2, "right_nodeptr": 1}, {"hrect": [[30.651854, 103.746489], [30.899166, 104.527924]], "left_nodeptr": -1, "right_nodeptr": -1}, {"hrect": [[30.364974, 103.746489], [30.651854, 104.527924]], "left_nodeptr": -1, "right_nodeptr": -1}], "idx_gps": [[30.672794, 104.06337], [30.630176, 104.142265]], "sum_matrix": [[7136, 2661], [2655, 7135]]}