{"kd_tree_not_leaf_node": [{"hrect": [[30.315449, 103.796945], [30.872377, 104.426577]], "left_nodeptr": 2, "right_nodeptr": 1}, {"hrect": [[30.652843, 103.796945], [30.872377, 104.426577]], "left_nodeptr": -1, "right_nodeptr": -1}, {"hrect": [[30.315449, 103.796945], [30.652843, 104.426577]], "left_nodeptr": -1, "right_nodeptr": -1}], "idx_gps": [[30.673702, 104.004606], [30.630713, 104.001799]], "sum_matrix": [[7822, 2539], [2793, 7821]]}