{"kd_tree_not_leaf_node": [{"hrect": [[30.323318, 103.817247], [30.894677, 104.302202]], "left_nodeptr": 2, "right_nodeptr": 1}, {"hrect": [[30.652727, 103.817247], [30.894677, 104.302202]], "left_nodeptr": -1, "right_nodeptr": -1}, {"hrect": [[30.323318, 103.817247], [30.652727, 104.302202]], "left_nodeptr": -1, "right_nodeptr": -1}], "idx_gps": [[30.676937, 104.011262], [30.629031, 103.998244]], "sum_matrix": [[6841, 2038], [2017, 6841]]}