{"kd_tree_not_leaf_node": [{"hrect": [[30.422611, 103.628116], [30.958725, 104.40827]], "left_nodeptr": 2, "right_nodeptr": 1}, {"hrect": [[30.653184, 103.628116], [30.958725, 104.40827]], "left_nodeptr": -1, "right_nodeptr": -1}, {"hrect": [[30.422611, 103.628116], [30.653184, 104.40827]], "left_nodeptr": -1, "right_nodeptr": -1}], "idx_gps": [[30.674422, 104.053918], [30.634768, 104.060063]], "sum_matrix": [[8637, 3253], [3530, 8637]]}