{"kd_tree_not_leaf_node": [{"hrect": [[30.473361, 103.646844], [30.953753, 104.278871]], "left_nodeptr": 2, "right_nodeptr": 1}, {"hrect": [[30.652481, 103.646844], [30.953753, 104.278871]], "left_nodeptr": -1, "right_nodeptr": -1}, {"hrect": [[30.473361, 103.646844], [30.652481, 104.278871]], "left_nodeptr": -1, "right_nodeptr": -1}], "idx_gps": [[30.674423, 103.99942], [30.629834, 104.108755]], "sum_matrix": [[7981, 2695], [2613, 7981]]}