{"kd_tree_not_leaf_node": [{"hrect": [[30.300356, 103.796865], [30.991039, 104.407967]], "left_nodeptr": 2, "right_nodeptr": 1}, {"hrect": [[30.651245, 103.796865], [30.991039, 104.407967]], "left_nodeptr": -1, "right_nodeptr": -1}, {"hrect": [[30.300356, 103.796865], [30.651245, 104.407967]], "left_nodeptr": -1, "right_nodeptr": -1}], "idx_gps": [[30.681092, 104.098559], [30.629412, 104.142409]], "sum_matrix": [[2890, 1405], [906, 2890]]}