{"kd_tree_not_leaf_node": [{"hrect": [[30.425837, 103.495726], [30.941311, 104.364043]], "left_nodeptr": 2, "right_nodeptr": 1}, {"hrect": [[30.653218, 103.495726], [30.941311, 104.364043]], "left_nodeptr": -1, "right_nodeptr": -1}, {"hrect": [[30.425837, 103.495726], [30.653218, 104.364043]], "left_nodeptr": -1, "right_nodeptr": -1}], "idx_gps": [[30.672912, 104.110016], [30.632238, 104.050682]], "sum_matrix": [[8678, 3252], [3321, 8677]]}