{"kd_tree_not_leaf_node": [{"hrect": [[30.349029, 103.575022], [30.983056, 104.403483]], "left_nodeptr": 2, "right_nodeptr": 1}, {"hrect": [[30.652145, 103.575022], [30.983056, 104.403483]], "left_nodeptr": -1, "right_nodeptr": -1}, {"hrect": [[30.349029, 103.575022], [30.652145, 104.403483]], "left_nodeptr": -1, "right_nodeptr": -1}], "idx_gps": [[30.672693, 104.099833], [30.631004, 104.066612]], "sum_matrix": [[7719, 2958], [3016, 7719]]}