{"kd_tree_not_leaf_node": [{"hrect": [[30.433355, 103.39582], [30.98765, 104.566221]], "left_nodeptr": 2, "right_nodeptr": 1}, {"hrect": [[30.652077, 103.39582], [30.98765, 104.566221]], "left_nodeptr": -1, "right_nodeptr": -1}, {"hrect": [[30.433355, 103.39582], [30.652077, 104.566221]], "left_nodeptr": -1, "right_nodeptr": -1}], "idx_gps": [[30.672543, 104.00972], [30.629595, 104.028268]], "sum_matrix": [[8475, 2928], [3125, 8475]]}