{"kd_tree_not_leaf_node": [{"hrect": [[30.434595, 103.644356], [30.98661, 104.329379]], "left_nodeptr": 2, "right_nodeptr": 1}, {"hrect": [[30.654444, 103.644356], [30.98661, 104.329379]], "left_nodeptr": -1, "right_nodeptr": -1}, {"hrect": [[30.434595, 103.644356], [30.654444, 104.329379]], "left_nodeptr": -1, "right_nodeptr": -1}], "idx_gps": [[30.673426, 104.123264], [30.633577, 104.151876]], "sum_matrix": [[7950, 2824], [3138, 7949]]}