{"kd_tree_not_leaf_node": [{"hrect": [[30.484662, 103.818137], [30.996588, 104.263504]], "left_nodeptr": 2, "right_nodeptr": 1}, {"hrect": [[30.653329, 103.818137], [30.996588, 104.263504]], "left_nodeptr": -1, "right_nodeptr": -1}, {"hrect": [[30.484662, 103.818137], [30.653329, 104.263504]], "left_nodeptr": -1, "right_nodeptr": -1}], "idx_gps": [[30.676019, 104.090049], [30.629374, 104.102114]], "sum_matrix": [[6403, 1934], [2018, 6403]]}