{"kd_tree_not_leaf_node": [{"hrect": [[30.488146, 103.634847], [30.991009, 104.310444]], "left_nodeptr": 2, "right_nodeptr": 1}, {"hrect": [[30.653403, 103.634847], [30.991009, 104.310444]], "left_nodeptr": -1, "right_nodeptr": -1}, {"hrect": [[30.488146, 103.634847], [30.653403, 104.310444]], "left_nodeptr": -1, "right_nodeptr": -1}], "idx_gps": [[30.680602, 104.125843], [30.630012, 104.141406]], "sum_matrix": [[2281, 1028], [765, 2281]]}