{"kd_tree_not_leaf_node": [{"hrect": [[30.338246, 103.505756], [30.904333, 104.266961]], "left_nodeptr": 2, "right_nodeptr": 1}, {"hrect": [[30.653332, 103.505756], [30.904333, 104.266961]], "left_nodeptr": -1, "right_nodeptr": -1}, {"hrect": [[30.338246, 103.505756], [30.653332, 104.266961]], "left_nodeptr": -1, "right_nodeptr": -1}], "idx_gps": [[30.673542, 104.058527], [30.633862, 104.028133]], "sum_matrix": [[8873, 3307], [3270, 8873]]}