{"kd_tree_not_leaf_node": [{"hrect": [[30.39526, 103.602846], [30.95817, 104.30929]], "left_nodeptr": 2, "right_nodeptr": 1}, {"hrect": [[30.652688, 103.602846], [30.95817, 104.30929]], "left_nodeptr": -1, "right_nodeptr": -1}, {"hrect": [[30.39526, 103.602846], [30.652688, 104.30929]], "left_nodeptr": -1, "right_nodeptr": -1}], "idx_gps": [[30.673208, 104.057058], [30.630604, 104.014629]], "sum_matrix": [[8192, 3028], [2977, 8192]]}