{"kd_tree_not_leaf_node": [{"hrect": [[30.41168, 103.614106], [30.995487, 104.350296]], "left_nodeptr": 2, "right_nodeptr": 1}, {"hrect": [[30.650849, 103.614106], [30.995487, 104.350296]], "left_nodeptr": -1, "right_nodeptr": -1}, {"hrect": [[30.41168, 103.614106], [30.650849, 104.350296]], "left_nodeptr": -1, "right_nodeptr": -1}], "idx_gps": [[30.672198, 104.069082], [30.626673, 104.143336]], "sum_matrix": [[8301, 2675], [2951, 8301]]}