{"kd_tree_not_leaf_node": [{"hrect": [[30.4003, 103.440366], [30.988103, 104.408006]], "left_nodeptr": 2, "right_nodeptr": 1}, {"hrect": [[30.653027, 103.440366], [30.988103, 104.408006]], "left_nodeptr": -1, "right_nodeptr": -1}, {"hrect": [[30.4003, 103.440366], [30.653027, 104.408006]], "left_nodeptr": -1, "right_nodeptr": -1}], "idx_gps": [[30.672949, 104.057635], [30.631466, 104.150844]], "sum_matrix": [[8280, 2972], [3133, 8278]]}