{"kd_tree_not_leaf_node": [{"hrect": [[30.416434, 103.676068], [30.991279, 104.423984]], "left_nodeptr": 2, "right_nodeptr": 1}, {"hrect": [[30.653022, 103.676068], [30.991279, 104.423984]], "left_nodeptr": -1, "right_nodeptr": -1}, {"hrect": [[30.416434, 103.676068], [30.653022, 104.423984]], "left_nodeptr": -1, "right_nodeptr": -1}], "idx_gps": [[30.67727, 104.09456], [30.631186, 104.026533]], "sum_matrix": [[5880, 2126], [2271, 5880]]}