{"kd_tree_not_leaf_node": [{"hrect": [[30.483294, 103.849808], [30.972546, 104.279808]], "left_nodeptr": 2, "right_nodeptr": 1}, {"hrect": [[30.653823, 103.849808], [30.972546, 104.279808]], "left_nodeptr": -1, "right_nodeptr": -1}, {"hrect": [[30.483294, 103.849808], [30.653823, 104.279808]], "left_nodeptr": -1, "right_nodeptr": -1}], "idx_gps": [[30.674478, 104.077546], [30.632564, 104.038959]], "sum_matrix": [[7239, 2243], [2583, 7239]]}