{"kd_tree_not_leaf_node": [{"hrect": [[30.47948, 103.665243], [30.890908, 104.310555]], "left_nodeptr": 2, "right_nodeptr": 1}, {"hrect": [[30.653549, 103.665243], [30.890908, 104.310555]], "left_nodeptr": -1, "right_nodeptr": -1}, {"hrect": [[30.47948, 103.665243], [30.653549, 104.310555]], "left_nodeptr": -1, "right_nodeptr": -1}], "idx_gps": [[30.674176, 103.999772], [30.633054, 104.054771]], "sum_matrix": [[7696, 2619], [2774, 7695]]}