{"kd_tree_not_leaf_node": [{"hrect": [[30.406082, 103.461489], [30.914945, 104.321027]], "left_nodeptr": 2, "right_nodeptr": 1}, {"hrect": [[30.652478, 103.461489], [30.914945, 104.321027]], "left_nodeptr": -1, "right_nodeptr": -1}, {"hrect": [[30.406082, 103.461489], [30.652478, 104.321027]], "left_nodeptr": -1, "right_nodeptr": -1}], "idx_gps": [[30.672357, 104.058894], [30.63049, 104.044483]], "sum_matrix": [[8577, 3123], [3248, 8577]]}