{"kd_tree_not_leaf_node": [{"hrect": [[30.478626, 103.592608], [30.975576, 104.297195]], "left_nodeptr": 2, "right_nodeptr": 1}, {"hrect": [[30.654029, 103.592608], [30.975576, 104.297195]], "left_nodeptr": -1, "right_nodeptr": -1}, {"hrect": [[30.478626, 103.592608], [30.654029, 104.297195]], "left_nodeptr": -1, "right_nodeptr": -1}], "idx_gps": [[30.67331, 104.097938], [30.635539, 104.079836]], "sum_matrix": [[8492, 3089], [3092, 8492]]}