{"kd_tree_not_leaf_node": [{"hrect": [[30.416085, 103.52603], [30.861614, 104.309662]], "left_nodeptr": 2, "right_nodeptr": 1}, {"hrect": [[30.653292, 103.52603], [30.861614, 104.309662]], "left_nodeptr": -1, "right_nodeptr": -1}, {"hrect": [[30.416085, 103.52603], [30.653292, 104.309662]], "left_nodeptr": -1, "right_nodeptr": -1}], "idx_gps": [[30.674252, 104.020849], [30.633629, 104.033995]], "sum_matrix": [[8098, 3109], [3123, 8098]]}