{"kd_tree_not_leaf_node": [{"hrect": [[30.423629, 103.669711], [30.856485, 104.325342]], "left_nodeptr": 2, "right_nodeptr": 1}, {"hrect": [[30.65337, 103.669711], [30.856485, 104.325342]], "left_nodeptr": -1, "right_nodeptr": -1}, {"hrect": [[30.423629, 103.669711], [30.65337, 104.325342]], "left_nodeptr": -1, "right_nodeptr": -1}], "idx_gps": [[30.6738, 104.073707], [30.63172, 104.044647]], "sum_matrix": [[8076, 2897], [2870, 8076]]}