{"kd_tree_not_leaf_node": [{"hrect": [[30.471914, 103.672915], [30.963912, 104.408231]], "left_nodeptr": 2, "right_nodeptr": 1}, {"hrect": [[30.653581, 103.672915], [30.963912, 104.408231]], "left_nodeptr": -1, "right_nodeptr": -1}, {"hrect": [[30.471914, 103.672915], [30.653581, 104.408231]], "left_nodeptr": -1, "right_nodeptr": -1}], "idx_gps": [[30.672077, 104.123882], [30.635805, 104.080427]], "sum_matrix": [[9004, 3417], [3228, 9004]]}