{"kd_tree_not_leaf_node": [{"hrect": [[30.294901, 103.800645], [30.884065, 104.506598]], "left_nodeptr": 2, "right_nodeptr": 1}, {"hrect": [[30.653654, 103.800645], [30.884065, 104.506598]], "left_nodeptr": -1, "right_nodeptr": -1}, {"hrect": [[30.294901, 103.800645], [30.653654, 104.506598]], "left_nodeptr": -1, "right_nodeptr": -1}], "idx_gps": [[30.67511, 104.082231], [30.633444, 104.069239]], "sum_matrix": [[7858, 2936], [3122, 7858]]}