{"kd_tree_not_leaf_node": [{"hrect": [[30.488259, 103.834296], [30.991168, 104.441455]], "left_nodeptr": 2, "right_nodeptr": 1}, {"hrect": [[30.654181, 103.834296], [30.991168, 104.441455]], "left_nodeptr": -1, "right_nodeptr": -1}, {"hrect": [[30.488259, 103.834296], [30.654181, 104.441455]], "left_nodeptr": -1, "right_nodeptr": -1}], "idx_gps": [[30.682136, 104.08492], [30.629841, 104.142388]], "sum_matrix": [[2276, 1022], [764, 2276]]}