{"kd_tree_not_leaf_node": [{"hrect": [[30.46857, 103.82671], [30.983833, 104.44101]], "left_nodeptr": 2, "right_nodeptr": 1}, {"hrect": [[30.653367, 103.82671], [30.983833, 104.44101]], "left_nodeptr": -1, "right_nodeptr": -1}, {"hrect": [[30.46857, 103.82671], [30.653367, 104.44101]], "left_nodeptr": -1, "right_nodeptr": -1}], "idx_gps": [[30.673686, 103.999244], [30.634044, 104.000862]], "sum_matrix": [[9925, 3593], [3615, 9925]]}