{"kd_tree_not_leaf_node": [{"hrect": [[30.480242, 103.834214], [30.94618, 104.3324]], "left_nodeptr": 2, "right_nodeptr": 1}, {"hrect": [[30.653671, 103.834214], [30.94618, 104.3324]], "left_nodeptr": -1, "right_nodeptr": -1}, {"hrect": [[30.480242, 103.834214], [30.653671, 104.3324]], "left_nodeptr": -1, "right_nodeptr": -1}], "idx_gps": [[30.672636, 104.057594], [30.633567, 104.038372]], "sum_matrix": [[7119, 2537], [2417, 7119]]}