{
    "kd_tree_not_leaf_node": [
        {
            "hrect": [
                [
                    30.496223,
                    103.58824
                ],
                [
                    30.950679,
                    104.442281
                ]
            ],
            "left_nodeptr": 2,
            "right_nodeptr": 1
        },
        {
            "hrect": [
                [
                    30.654131,
                    103.58824
                ],
                [
                    30.950679,
                    104.442281
                ]
            ],
            "left_nodeptr": -1,
            "right_nodeptr": -1
        },
        {
            "hrect": [
                [
                    30.496223,
                    103.58824
                ],
                [
                    30.654131,
                    104.442281
                ]
            ],
            "left_nodeptr": -1,
            "right_nodeptr": -1
        }
    ],
    "idx_gps": [
        [
            30.682084,
            104.084704
        ],
        [
            30.629602,
            104.141907
        ]
    ],
    "sum_matrix": [
        [
            2523,
            1088
        ],
        [
            856,
            2523
        ]
    ]
}