{"kd_tree_not_leaf_node": [{"hrect": [[30.413273, 103.68334], [30.998408, 104.546025]], "left_nodeptr": 2, "right_nodeptr": 1}, {"hrect": [[30.653014, 103.68334], [30.998408, 104.546025]], "left_nodeptr": -1, "right_nodeptr": -1}, {"hrect": [[30.413273, 103.68334], [30.653014, 104.546025]], "left_nodeptr": -1, "right_nodeptr": -1}], "idx_gps": [[30.674715, 104.053701], [30.632951, 104.001465]], "sum_matrix": [[8359, 3173], [3284, 8359]]}