{"kd_tree_not_leaf_node": [{"hrect": [[30.485293, 103.83237], [30.968655, 104.578961]], "left_nodeptr": 2, "right_nodeptr": 1}, {"hrect": [[30.655476, 103.83237], [30.968655, 104.578961]], "left_nodeptr": -1, "right_nodeptr": -1}, {"hrect": [[30.485293, 103.83237], [30.655476, 104.578961]], "left_nodeptr": -1, "right_nodeptr": -1}], "idx_gps": [[30.677644, 104.115952], [30.633799, 104.075628]], "sum_matrix": [[6214, 2211], [2135, 6213]]}