{"kd_tree_not_leaf_node": [{"hrect": [[30.425624, 103.623282], [30.995183, 104.304528]], "left_nodeptr": 2, "right_nodeptr": 1}, {"hrect": [[30.653108, 103.623282], [30.995183, 104.304528]], "left_nodeptr": -1, "right_nodeptr": -1}, {"hrect": [[30.425624, 103.623282], [30.653108, 104.304528]], "left_nodeptr": -1, "right_nodeptr": -1}], "idx_gps": [[30.673548, 104.109635], [30.631107, 104.04449]], "sum_matrix": [[7112, 2611], [2742, 7112]]}