{"kd_tree_not_leaf_node": [{"hrect": [[30.483146, 103.864234], [30.922527, 104.48985]], "left_nodeptr": 2, "right_nodeptr": 1}, {"hrect": [[30.652095, 103.864234], [30.922527, 104.48985]], "left_nodeptr": -1, "right_nodeptr": -1}, {"hrect": [[30.483146, 103.864234], [30.652095, 104.48985]], "left_nodeptr": -1, "right_nodeptr": -1}], "idx_gps": [[30.673539, 104.024261], [30.62851, 104.103585]], "sum_matrix": [[7686, 2388], [2631, 7686]]}