{"kd_tree_not_leaf_node": [{"hrect": [[30.319652, 103.695107], [30.888803, 104.395065]], "left_nodeptr": 2, "right_nodeptr": 1}, {"hrect": [[30.651978, 103.695107], [30.888803, 104.395065]], "left_nodeptr": -1, "right_nodeptr": -1}, {"hrect": [[30.319652, 103.695107], [30.651978, 104.395065]], "left_nodeptr": -1, "right_nodeptr": -1}], "idx_gps": [[30.672903, 104.026439], [30.630151, 104.141916]], "sum_matrix": [[7847, 2959], [2922, 7846]]}