{"kd_tree_not_leaf_node": [{"hrect": [[30.324379, 103.591777], [30.915507, 104.290019]], "left_nodeptr": 2, "right_nodeptr": 1}, {"hrect": [[30.653019, 103.591777], [30.915507, 104.290019]], "left_nodeptr": -1, "right_nodeptr": -1}, {"hrect": [[30.324379, 103.591777], [30.653019, 104.290019]], "left_nodeptr": -1, "right_nodeptr": -1}], "idx_gps": [[30.673825, 104.056212], [30.630894, 104.050782]], "sum_matrix": [[7263, 2546], [2634, 7263]]}