{"kd_tree_not_leaf_node": [{"hrect": [[30.36065, 103.85003], [30.885723, 104.409816]], "left_nodeptr": 2, "right_nodeptr": 1}, {"hrect": [[30.652284, 103.85003], [30.885723, 104.409816]], "left_nodeptr": -1, "right_nodeptr": -1}, {"hrect": [[30.36065, 103.85003], [30.652284, 104.409816]], "left_nodeptr": -1, "right_nodeptr": -1}], "idx_gps": [[30.681445, 104.063237], [30.629711, 104.03043]], "sum_matrix": [[2625, 1193], [879, 2625]]}