{"kd_tree_not_leaf_node": [{"hrect": [[30.343776, 103.562355], [30.97796, 104.27199]], "left_nodeptr": 2, "right_nodeptr": 1}, {"hrect": [[30.652883, 103.562355], [30.97796, 104.27199]], "left_nodeptr": -1, "right_nodeptr": -1}, {"hrect": [[30.343776, 103.562355], [30.652883, 104.27199]], "left_nodeptr": -1, "right_nodeptr": -1}], "idx_gps": [[30.673084, 104.067197], [30.630518, 104.000834]], "sum_matrix": [[8199, 2993], [3063, 8198]]}