{"kd_tree_not_leaf_node": [{"hrect": [[30.32241, 103.462079], [30.803368, 104.36296]], "left_nodeptr": 2, "right_nodeptr": 1}, {"hrect": [[30.65427, 103.462079], [30.803368, 104.36296]], "left_nodeptr": -1, "right_nodeptr": -1}, {"hrect": [[30.32241, 103.462079], [30.65427, 104.36296]], "left_nodeptr": -1, "right_nodeptr": -1}], "idx_gps": [[30.673153, 104.057261], [30.634203, 104.029197]], "sum_matrix": [[7327, 2632], [2709, 7326]]}