{"kd_tree_not_leaf_node": [{"hrect": [[30.48009, 103.502163], [30.996666, 104.25197]], "left_nodeptr": 2, "right_nodeptr": 1}, {"hrect": [[30.653889, 103.502163], [30.996666, 104.25197]], "left_nodeptr": -1, "right_nodeptr": -1}, {"hrect": [[30.48009, 103.502163], [30.653889, 104.25197]], "left_nodeptr": -1, "right_nodeptr": -1}], "idx_gps": [[30.675989, 104.050934], [30.630046, 104.03681]], "sum_matrix": [[6580, 1999], [1954, 6580]]}