{"kd_tree_not_leaf_node": [{"hrect": [[30.482566, 103.696054], [30.978176, 104.336137]], "left_nodeptr": 2, "right_nodeptr": 1}, {"hrect": [[30.6535, 103.696054], [30.978176, 104.336137]], "left_nodeptr": -1, "right_nodeptr": -1}, {"hrect": [[30.482566, 103.696054], [30.6535, 104.336137]], "left_nodeptr": -1, "right_nodeptr": -1}], "idx_gps": [[30.672867, 104.109244], [30.633449, 103.995229]], "sum_matrix": [[7425, 2710], [2707, 7425]]}