{"kd_tree_not_leaf_node": [{"hrect": [[30.47569, 103.646693], [30.986706, 104.293531]], "left_nodeptr": 2, "right_nodeptr": 1}, {"hrect": [[30.652863, 103.646693], [30.986706, 104.293531]], "left_nodeptr": -1, "right_nodeptr": -1}, {"hrect": [[30.47569, 103.646693], [30.652863, 104.293531]], "left_nodeptr": -1, "right_nodeptr": -1}], "idx_gps": [[30.673071, 104.058248], [30.632072, 104.066751]], "sum_matrix": [[7392, 2734], [2735, 7392]]}