{"kd_tree_not_leaf_node": [{"hrect": [[30.480173, 103.494824], [30.996362, 104.359249]], "left_nodeptr": 2, "right_nodeptr": 1}, {"hrect": [[30.653255, 103.494824], [30.996362, 104.359249]], "left_nodeptr": -1, "right_nodeptr": -1}, {"hrect": [[30.480173, 103.494824], [30.653255, 104.359249]], "left_nodeptr": -1, "right_nodeptr": -1}], "idx_gps": [[30.673244, 104.02555], [30.634992, 104.097452]], "sum_matrix": [[8495, 3205], [3038, 8495]]}