{"kd_tree_not_leaf_node": [{"hrect": [[30.48811, 103.825668], [30.840637, 104.27995]], "left_nodeptr": 2, "right_nodeptr": 1}, {"hrect": [[30.652898, 103.825668], [30.840637, 104.27995]], "left_nodeptr": -1, "right_nodeptr": -1}, {"hrect": [[30.48811, 103.825668], [30.652898, 104.27995]], "left_nodeptr": -1, "right_nodeptr": -1}], "idx_gps": [[30.67302, 104.082454], [30.631612, 104.066834]], "sum_matrix": [[8375, 3117], [3245, 8373]]}