{"kd_tree_not_leaf_node": [{"hrect": [[30.327666, 103.720297], [30.941164, 104.408006]], "left_nodeptr": 2, "right_nodeptr": 1}, {"hrect": [[30.652307, 103.720297], [30.941164, 104.408006]], "left_nodeptr": -1, "right_nodeptr": -1}, {"hrect": [[30.327666, 103.720297], [30.652307, 104.408006]], "left_nodeptr": -1, "right_nodeptr": -1}], "idx_gps": [[30.672475, 103.992198], [30.63205, 104.147514]], "sum_matrix": [[7714, 3028], [3011, 7713]]}