{"kd_tree_not_leaf_node": [{"hrect": [[30.292275, 103.669079], [30.877405, 104.576955]], "left_nodeptr": 2, "right_nodeptr": 1}, {"hrect": [[30.654257, 103.669079], [30.877405, 104.576955]], "left_nodeptr": -1, "right_nodeptr": -1}, {"hrect": [[30.292275, 103.669079], [30.654257, 104.576955]], "left_nodeptr": -1, "right_nodeptr": -1}], "idx_gps": [[30.676556, 104.052082], [30.632465, 104.031192]], "sum_matrix": [[7432, 2610], [2788, 7431]]}