{"kd_tree_not_leaf_node": [{"hrect": [[30.447375, 103.51889], [31.009843, 104.436396]], "left_nodeptr": 2, "right_nodeptr": 1}, {"hrect": [[30.653451, 103.51889], [31.009843, 104.436396]], "left_nodeptr": -1, "right_nodeptr": -1}, {"hrect": [[30.447375, 103.51889], [30.653451, 104.436396]], "left_nodeptr": -1, "right_nodeptr": -1}], "idx_gps": [[30.673617, 104.058421], [30.633648, 104.067938]], "sum_matrix": [[10004, 3512], [3500, 10004]]}