{"kd_tree_not_leaf_node": [{"hrect": [[30.422494, 103.519273], [30.869305, 104.324268]], "left_nodeptr": 2, "right_nodeptr": 1}, {"hrect": [[30.651888, 103.519273], [30.869305, 104.324268]], "left_nodeptr": -1, "right_nodeptr": -1}, {"hrect": [[30.422494, 103.519273], [30.651888, 104.324268]], "left_nodeptr": -1, "right_nodeptr": -1}], "idx_gps": [[30.672583, 103.978974], [30.6298, 104.14198]], "sum_matrix": [[7727, 2833], [3120, 7727]]}