{"kd_tree_not_leaf_node": [{"hrect": [[30.436182, 103.721368], [30.945286, 104.357607]], "left_nodeptr": 2, "right_nodeptr": 1}, {"hrect": [[30.65317, 103.721368], [30.945286, 104.357607]], "left_nodeptr": -1, "right_nodeptr": -1}, {"hrect": [[30.436182, 103.721368], [30.65317, 104.357607]], "left_nodeptr": -1, "right_nodeptr": -1}], "idx_gps": [[30.672099, 104.111539], [30.633028, 104.093984]], "sum_matrix": [[7417, 2819], [2624, 7416]]}