{"kd_tree_not_leaf_node": [{"hrect": [[30.485204, 103.637681], [30.990027, 104.303392]], "left_nodeptr": 2, "right_nodeptr": 1}, {"hrect": [[30.653145, 103.637681], [30.990027, 104.303392]], "left_nodeptr": -1, "right_nodeptr": -1}, {"hrect": [[30.485204, 103.637681], [30.653145, 104.303392]], "left_nodeptr": -1, "right_nodeptr": -1}], "idx_gps": [[30.67302, 104.057688], [30.632675, 104.03165]], "sum_matrix": [[7729, 2730], [2989, 7729]]}