{"kd_tree_not_leaf_node": [{"hrect": [[30.323205, 103.872359], [30.8879, 104.361833]], "left_nodeptr": 2, "right_nodeptr": 1}, {"hrect": [[30.653521, 103.872359], [30.8879, 104.361833]], "left_nodeptr": -1, "right_nodeptr": -1}, {"hrect": [[30.323205, 103.872359], [30.653521, 104.361833]], "left_nodeptr": -1, "right_nodeptr": -1}], "idx_gps": [[30.67324, 104.057069], [30.632564, 104.137938]], "sum_matrix": [[7778, 2727], [2831, 7778]]}