{"kd_tree_not_leaf_node": [{"hrect": [[30.474578, 103.8249], [30.936968, 104.557753]], "left_nodeptr": 2, "right_nodeptr": 1}, {"hrect": [[30.653649, 103.8249], [30.936968, 104.557753]], "left_nodeptr": -1, "right_nodeptr": -1}, {"hrect": [[30.474578, 103.8249], [30.653649, 104.557753]], "left_nodeptr": -1, "right_nodeptr": -1}], "idx_gps": [[30.677285, 104.094322], [30.62966, 104.142107]], "sum_matrix": [[6278, 1686], [1843, 6277]]}