{"kd_tree_not_leaf_node": [{"hrect": [[30.400225, 103.81821], [30.916402, 104.303896]], "left_nodeptr": 2, "right_nodeptr": 1}, {"hrect": [[30.653502, 103.81821], [30.916402, 104.303896]], "left_nodeptr": -1, "right_nodeptr": -1}, {"hrect": [[30.400225, 103.81821], [30.653502, 104.303896]], "left_nodeptr": -1, "right_nodeptr": -1}], "idx_gps": [[30.673532, 104.123332], [30.632247, 104.035127]], "sum_matrix": [[7691, 2766], [2742, 7690]]}