{"kd_tree_not_leaf_node": [{"hrect": [[30.403943, 103.483209], [30.97815, 104.305796]], "left_nodeptr": 2, "right_nodeptr": 1}, {"hrect": [[30.65409, 103.483209], [30.97815, 104.305796]], "left_nodeptr": -1, "right_nodeptr": -1}, {"hrect": [[30.403943, 103.483209], [30.65409, 104.305796]], "left_nodeptr": -1, "right_nodeptr": -1}], "idx_gps": [[30.677594, 104.001253], [30.629487, 104.141816]], "sum_matrix": [[6090, 1626], [1818, 6089]]}