{"kd_tree_not_leaf_node": [{"hrect": [[30.37645, 103.637812], [31.009896, 104.569985]], "left_nodeptr": 2, "right_nodeptr": 1}, {"hrect": [[30.652141, 103.637812], [31.009896, 104.569985]], "left_nodeptr": -1, "right_nodeptr": -1}, {"hrect": [[30.37645, 103.637812], [30.652141, 104.569985]], "left_nodeptr": -1, "right_nodeptr": -1}], "idx_gps": [[30.673068, 104.098038], [30.630531, 104.051463]], "sum_matrix": [[8374, 2877], [2960, 8373]]}