{"kd_tree_not_leaf_node": [{"hrect": [[30.346764, 103.572473], [31.023038, 104.271586]], "left_nodeptr": 2, "right_nodeptr": 1}, {"hrect": [[30.653218, 103.572473], [31.023038, 104.271586]], "left_nodeptr": -1, "right_nodeptr": -1}, {"hrect": [[30.346764, 103.572473], [30.653218, 104.271586]], "left_nodeptr": -1, "right_nodeptr": -1}], "idx_gps": [[30.677075, 104.052688], [30.628492, 104.100672]], "sum_matrix": [[5949, 1685], [1703, 5949]]}