{"kd_tree_not_leaf_node": [{"hrect": [[30.30559, 103.822607], [30.820031, 104.251724]], "left_nodeptr": 2, "right_nodeptr": 1}, {"hrect": [[30.652467, 103.822607], [30.820031, 104.251724]], "left_nodeptr": -1, "right_nodeptr": -1}, {"hrect": [[30.30559, 103.822607], [30.652467, 104.251724]], "left_nodeptr": -1, "right_nodeptr": -1}], "idx_gps": [[30.672902, 104.113393], [30.629805, 104.143544]], "sum_matrix": [[8151, 3096], [2927, 8151]]}