{"kd_tree_not_leaf_node": [{"hrect": [[30.441955, 103.676135], [30.827867, 104.263545]], "left_nodeptr": 2, "right_nodeptr": 1}, {"hrect": [[30.653261, 103.676135], [30.827867, 104.263545]], "left_nodeptr": -1, "right_nodeptr": -1}, {"hrect": [[30.441955, 103.676135], [30.653261, 104.263545]], "left_nodeptr": -1, "right_nodeptr": -1}], "idx_gps": [[30.681593, 104.019271], [30.630049, 104.142413]], "sum_matrix": [[2721, 1105], [866, 2721]]}