{"kd_tree_not_leaf_node": [{"hrect": [[30.471405, 103.808403], [30.828413, 104.242689]], "left_nodeptr": 2, "right_nodeptr": 1}, {"hrect": [[30.654088, 103.808403], [30.828413, 104.242689]], "left_nodeptr": -1, "right_nodeptr": -1}, {"hrect": [[30.471405, 103.808403], [30.654088, 104.242689]], "left_nodeptr": -1, "right_nodeptr": -1}], "idx_gps": [[30.678165, 104.092421], [30.629494, 104.062437]], "sum_matrix": [[5320, 1501], [1392, 5320]]}