{"kd_tree_not_leaf_node": [{"hrect": [[30.308407, 103.627362], [30.887744, 104.365025]], "left_nodeptr": 2, "right_nodeptr": 1}, {"hrect": [[30.652729, 103.627362], [30.887744, 104.365025]], "left_nodeptr": -1, "right_nodeptr": -1}, {"hrect": [[30.308407, 103.627362], [30.652729, 104.365025]], "left_nodeptr": -1, "right_nodeptr": -1}], "idx_gps": [[30.674825, 104.00575], [30.632226, 104.098343]], "sum_matrix": [[8260, 3000], [3086, 8260]]}