{"kd_tree_not_leaf_node": [{"hrect": [[30.453249, 103.655686], [30.988799, 104.544407]], "left_nodeptr": 2, "right_nodeptr": 1}, {"hrect": [[30.653243, 103.655686], [30.988799, 104.544407]], "left_nodeptr": -1, "right_nodeptr": -1}, {"hrect": [[30.453249, 103.655686], [30.653243, 104.544407]], "left_nodeptr": -1, "right_nodeptr": -1}], "idx_gps": [[30.673043, 103.999459], [30.634977, 104.099816]], "sum_matrix": [[9171, 3603], [3450, 9171]]}