{"kd_tree_not_leaf_node": [{"hrect": [[30.47235, 103.574079], [30.981512, 104.477768]], "left_nodeptr": 2, "right_nodeptr": 1}, {"hrect": [[30.653946, 103.574079], [30.981512, 104.477768]], "left_nodeptr": -1, "right_nodeptr": -1}, {"hrect": [[30.47235, 103.574079], [30.653946, 104.477768]], "left_nodeptr": -1, "right_nodeptr": -1}], "idx_gps": [[30.673469, 104.07437], [30.633284, 104.062503]], "sum_matrix": [[7425, 2538], [2772, 7424]]}