{"kd_tree_not_leaf_node": [{"hrect": [[30.489517, 103.63708], [30.991526, 104.272756]], "left_nodeptr": 2, "right_nodeptr": 1}, {"hrect": [[30.652384, 103.63708], [30.991526, 104.272756]], "left_nodeptr": -1, "right_nodeptr": -1}, {"hrect": [[30.489517, 103.63708], [30.652384, 104.272756]], "left_nodeptr": -1, "right_nodeptr": -1}], "idx_gps": [[30.675117, 104.111492], [30.629342, 104.096705]], "sum_matrix": [[6944, 2238], [2287, 6944]]}