{"kd_tree_not_leaf_node": [{"hrect": [[30.402569, 103.615203], [30.994185, 104.32237]], "left_nodeptr": 2, "right_nodeptr": 1}, {"hrect": [[30.653395, 103.615203], [30.994185, 104.32237]], "left_nodeptr": -1, "right_nodeptr": -1}, {"hrect": [[30.402569, 103.615203], [30.653395, 104.32237]], "left_nodeptr": -1, "right_nodeptr": -1}], "idx_gps": [[30.673527, 104.06863], [30.633474, 104.038455]], "sum_matrix": [[7676, 2843], [3017, 7675]]}