{"kd_tree_not_leaf_node": [{"hrect": [[30.379585, 103.793543], [30.988751, 104.374206]], "left_nodeptr": 2, "right_nodeptr": 1}, {"hrect": [[30.653678, 103.793543], [30.988751, 104.374206]], "left_nodeptr": -1, "right_nodeptr": -1}, {"hrect": [[30.379585, 103.793543], [30.653678, 104.374206]], "left_nodeptr": -1, "right_nodeptr": -1}], "idx_gps": [[30.674207, 104.020761], [30.63436, 103.997755]], "sum_matrix": [[9276, 3336], [3385, 9276]]}