{"kd_tree_not_leaf_node": [{"hrect": [[30.364362, 103.812802], [30.993277, 104.574499]], "left_nodeptr": 2, "right_nodeptr": 1}, {"hrect": [[30.653472, 103.812802], [30.993277, 104.574499]], "left_nodeptr": -1, "right_nodeptr": -1}, {"hrect": [[30.364362, 103.812802], [30.653472, 104.574499]], "left_nodeptr": -1, "right_nodeptr": -1}], "idx_gps": [[30.674356, 104.044731], [30.633829, 104.066695]], "sum_matrix": [[8875, 3380], [3252, 8875]]}