{"kd_tree_not_leaf_node": [{"hrect": [[30.482342, 103.825228], [30.993676, 104.569543]], "left_nodeptr": 2, "right_nodeptr": 1}, {"hrect": [[30.651597, 103.825228], [30.993676, 104.569543]], "left_nodeptr": -1, "right_nodeptr": -1}, {"hrect": [[30.482342, 103.825228], [30.651597, 104.569543]], "left_nodeptr": -1, "right_nodeptr": -1}], "idx_gps": [[30.680808, 103.975559], [30.629741, 104.141726]], "sum_matrix": [[2766, 1333], [934, 2766]]}