{"kd_tree_not_leaf_node": [{"hrect": [[30.421964, 103.826261], [30.908829, 104.315426]], "left_nodeptr": 2, "right_nodeptr": 1}, {"hrect": [[30.652411, 103.826261], [30.908829, 104.315426]], "left_nodeptr": -1, "right_nodeptr": -1}, {"hrect": [[30.421964, 103.826261], [30.652411, 104.315426]], "left_nodeptr": -1, "right_nodeptr": -1}], "idx_gps": [[30.674563, 104.078085], [30.629724, 104.105771]], "sum_matrix": [[7595, 2615], [2553, 7595]]}