{"kd_tree_not_leaf_node": [{"hrect": [[30.38308, 103.818142], [30.948577, 104.304205]], "left_nodeptr": 2, "right_nodeptr": 1}, {"hrect": [[30.65355, 103.818142], [30.948577, 104.304205]], "left_nodeptr": -1, "right_nodeptr": -1}, {"hrect": [[30.38308, 103.818142], [30.65355, 104.304205]], "left_nodeptr": -1, "right_nodeptr": -1}], "idx_gps": [[30.673159, 104.11383], [30.633166, 104.040883]], "sum_matrix": [[7720, 2745], [2950, 7719]]}