{"kd_tree_not_leaf_node": [{"hrect": [[30.427828, 103.681582], [30.866913, 104.235929]], "left_nodeptr": 2, "right_nodeptr": 1}, {"hrect": [[30.651667, 103.681582], [30.866913, 104.235929]], "left_nodeptr": -1, "right_nodeptr": -1}, {"hrect": [[30.427828, 103.681582], [30.651667, 104.235929]], "left_nodeptr": -1, "right_nodeptr": -1}], "idx_gps": [[30.672432, 104.073805], [30.627516, 104.138521]], "sum_matrix": [[8398, 2781], [3028, 8398]]}