{"kd_tree_not_leaf_node": [{"hrect": [[30.413794, 103.68385], [30.977604, 104.265456]], "left_nodeptr": 2, "right_nodeptr": 1}, {"hrect": [[30.654245, 103.68385], [30.977604, 104.265456]], "left_nodeptr": -1, "right_nodeptr": -1}, {"hrect": [[30.413794, 103.68385], [30.654245, 104.265456]], "left_nodeptr": -1, "right_nodeptr": -1}], "idx_gps": [[30.675447, 104.078478], [30.633684, 104.058658]], "sum_matrix": [[9301, 3233], [3190, 9301]]}