{"kd_tree_not_leaf_node": [{"hrect": [[30.419536, 103.546415], [30.860047, 104.4487]], "left_nodeptr": 2, "right_nodeptr": 1}, {"hrect": [[30.652906, 103.546415], [30.860047, 104.4487]], "left_nodeptr": -1, "right_nodeptr": -1}, {"hrect": [[30.419536, 103.546415], [30.652906, 104.4487]], "left_nodeptr": -1, "right_nodeptr": -1}], "idx_gps": [[30.674207, 103.999401], [30.633347, 104.045329]], "sum_matrix": [[8610, 3524], [3403, 8609]]}