{"kd_tree_not_leaf_node": [{"hrect": [[30.41933, 103.538813], [30.949066, 104.389554]], "left_nodeptr": 2, "right_nodeptr": 1}, {"hrect": [[30.653562, 103.538813], [30.949066, 104.389554]], "left_nodeptr": -1, "right_nodeptr": -1}, {"hrect": [[30.41933, 103.538813], [30.653562, 104.389554]], "left_nodeptr": -1, "right_nodeptr": -1}], "idx_gps": [[30.673138, 104.058156], [30.634052, 104.099457]], "sum_matrix": [[9564, 3415], [3407, 9562]]}