{"kd_tree_not_leaf_node": [{"hrect": [[30.446885, 103.667185], [30.959389, 104.261705]], "left_nodeptr": 2, "right_nodeptr": 1}, {"hrect": [[30.652939, 103.667185], [30.959389, 104.261705]], "left_nodeptr": -1, "right_nodeptr": -1}, {"hrect": [[30.446885, 103.667185], [30.652939, 104.261705]], "left_nodeptr": -1, "right_nodeptr": -1}], "idx_gps": [[30.673545, 104.123425], [30.631653, 104.05045]], "sum_matrix": [[7429, 2654], [2613, 7426]]}