{"kd_tree_not_leaf_node": [{"hrect": [[30.322594, 103.658685], [30.965605, 104.274791]], "left_nodeptr": 2, "right_nodeptr": 1}, {"hrect": [[30.65366, 103.658685], [30.965605, 104.274791]], "left_nodeptr": -1, "right_nodeptr": -1}, {"hrect": [[30.322594, 103.658685], [30.65366, 104.274791]], "left_nodeptr": -1, "right_nodeptr": -1}], "idx_gps": [[30.673162, 104.040331], [30.633414, 104.014619]], "sum_matrix": [[7162, 2617], [2722, 7162]]}