{"kd_tree_not_leaf_node": [{"hrect": [[30.323152, 103.808069], [30.959217, 104.422799]], "left_nodeptr": 2, "right_nodeptr": 1}, {"hrect": [[30.652685, 103.808069], [30.959217, 104.422799]], "left_nodeptr": -1, "right_nodeptr": -1}, {"hrect": [[30.323152, 103.808069], [30.652685, 104.422799]], "left_nodeptr": -1, "right_nodeptr": -1}], "idx_gps": [[30.673165, 103.956175], [30.629141, 103.986561]], "sum_matrix": [[9031, 2965], [3372, 9030]]}