{"kd_tree_not_leaf_node": [{"hrect": [[30.368698, 103.280862], [30.987231, 104.571796]], "left_nodeptr": 2, "right_nodeptr": 1}, {"hrect": [[30.654422, 103.280862], [30.987231, 104.571796]], "left_nodeptr": -1, "right_nodeptr": -1}, {"hrect": [[30.368698, 103.280862], [30.654422, 104.571796]], "left_nodeptr": -1, "right_nodeptr": -1}], "idx_gps": [[30.675702, 103.996693], [30.634412, 104.032476]], "sum_matrix": [[7491, 2751], [2912, 7491]]}