{"kd_tree_not_leaf_node": [{"hrect": [[30.426157, 103.835838], [30.974262, 104.419041]], "left_nodeptr": 2, "right_nodeptr": 1}, {"hrect": [[30.653336, 103.835838], [30.974262, 104.419041]], "left_nodeptr": -1, "right_nodeptr": -1}, {"hrect": [[30.426157, 103.835838], [30.653336, 104.419041]], "left_nodeptr": -1, "right_nodeptr": -1}], "idx_gps": [[30.673072, 104.136529], [30.633358, 104.064597]], "sum_matrix": [[9439, 3347], [3398, 9439]]}