{"kd_tree_not_leaf_node": [{"hrect": [[30.356025, 103.781762], [30.945968, 104.30941]], "left_nodeptr": 2, "right_nodeptr": 1}, {"hrect": [[30.653459, 103.781762], [30.945968, 104.30941]], "left_nodeptr": -1, "right_nodeptr": -1}, {"hrect": [[30.356025, 103.781762], [30.653459, 104.30941]], "left_nodeptr": -1, "right_nodeptr": -1}], "idx_gps": [[30.673268, 104.056809], [30.632562, 104.075787]], "sum_matrix": [[8065, 3050], [3068, 8064]]}