{"kd_tree_not_leaf_node": [{"hrect": [[30.407414, 103.818939], [30.883983, 104.270977]], "left_nodeptr": 2, "right_nodeptr": 1}, {"hrect": [[30.653396, 103.818939], [30.883983, 104.270977]], "left_nodeptr": -1, "right_nodeptr": -1}, {"hrect": [[30.407414, 103.818939], [30.653396, 104.270977]], "left_nodeptr": -1, "right_nodeptr": -1}], "idx_gps": [[30.67304, 104.047365], [30.632362, 104.005089]], "sum_matrix": [[8371, 2992], [3117, 8370]]}