{"kd_tree_not_leaf_node": [{"hrect": [[30.475351, 103.512643], [30.99557, 104.311606]], "left_nodeptr": 2, "right_nodeptr": 1}, {"hrect": [[30.652832, 103.512643], [30.99557, 104.311606]], "left_nodeptr": -1, "right_nodeptr": -1}, {"hrect": [[30.475351, 103.512643], [30.652832, 104.311606]], "left_nodeptr": -1, "right_nodeptr": -1}], "idx_gps": [[30.672991, 104.057674], [30.630221, 104.142379]], "sum_matrix": [[8093, 2855], [3098, 8093]]}