{"kd_tree_not_leaf_node": [{"hrect": [[30.422931, 103.421766], [30.979291, 104.4487]], "left_nodeptr": 2, "right_nodeptr": 1}, {"hrect": [[30.652942, 103.421766], [30.979291, 104.4487]], "left_nodeptr": -1, "right_nodeptr": -1}, {"hrect": [[30.422931, 103.421766], [30.652942, 104.4487]], "left_nodeptr": -1, "right_nodeptr": -1}], "idx_gps": [[30.672934, 104.006601], [30.634744, 104.058678]], "sum_matrix": [[9289, 3721], [3439, 9289]]}