{"kd_tree_not_leaf_node": [{"hrect": [[30.388561, 103.401235], [31.016563, 104.336236]], "left_nodeptr": 2, "right_nodeptr": 1}, {"hrect": [[30.652407, 103.401235], [31.016563, 104.336236]], "left_nodeptr": -1, "right_nodeptr": -1}, {"hrect": [[30.388561, 103.401235], [30.652407, 104.336236]], "left_nodeptr": -1, "right_nodeptr": -1}], "idx_gps": [[30.673347, 104.076931], [30.630146, 104.138618]], "sum_matrix": [[8235, 2731], [3015, 8234]]}