{"kd_tree_not_leaf_node": [{"hrect": [[30.363577, 103.541465], [30.851557, 104.496934]], "left_nodeptr": 2, "right_nodeptr": 1}, {"hrect": [[30.652712, 103.541465], [30.851557, 104.496934]], "left_nodeptr": -1, "right_nodeptr": -1}, {"hrect": [[30.363577, 103.541465], [30.652712, 104.496934]], "left_nodeptr": -1, "right_nodeptr": -1}], "idx_gps": [[30.673156, 104.017395], [30.634044, 104.008769]], "sum_matrix": [[9348, 3730], [3341, 9348]]}