{"kd_tree_not_leaf_node": [{"hrect": [[30.390061, 103.589071], [30.981348, 104.398498]], "left_nodeptr": 2, "right_nodeptr": 1}, {"hrect": [[30.652801, 103.589071], [30.981348, 104.398498]], "left_nodeptr": -1, "right_nodeptr": -1}, {"hrect": [[30.390061, 103.589071], [30.652801, 104.398498]], "left_nodeptr": -1, "right_nodeptr": -1}], "idx_gps": [[30.673475, 104.056339], [30.634484, 104.032551]], "sum_matrix": [[9842, 3788], [3718, 9842]]}