{"kd_tree_not_leaf_node": [{"hrect": [[30.317508, 103.694432], [30.978888, 104.570048]], "left_nodeptr": 2, "right_nodeptr": 1}, {"hrect": [[30.654125, 103.694432], [30.978888, 104.570048]], "left_nodeptr": -1, "right_nodeptr": -1}, {"hrect": [[30.317508, 103.694432], [30.654125, 104.570048]], "left_nodeptr": -1, "right_nodeptr": -1}], "idx_gps": [[30.678296, 103.975545], [30.631704, 104.059776]], "sum_matrix": [[5587, 2022], [2073, 5587]]}