{"kd_tree_not_leaf_node": [{"hrect": [[30.423246, 103.817964], [30.990691, 104.31598]], "left_nodeptr": 2, "right_nodeptr": 1}, {"hrect": [[30.652859, 103.817964], [30.990691, 104.31598]], "left_nodeptr": -1, "right_nodeptr": -1}, {"hrect": [[30.423246, 103.817964], [30.652859, 104.31598]], "left_nodeptr": -1, "right_nodeptr": -1}], "idx_gps": [[30.673937, 104.005065], [30.633003, 104.054813]], "sum_matrix": [[9597, 3563], [3530, 9597]]}