{"kd_tree_not_leaf_node": [{"hrect": [[30.414119, 103.81437], [30.989992, 104.249259]], "left_nodeptr": 2, "right_nodeptr": 1}, {"hrect": [[30.653187, 103.81437], [30.989992, 104.249259]], "left_nodeptr": -1, "right_nodeptr": -1}, {"hrect": [[30.414119, 103.81437], [30.653187, 104.249259]], "left_nodeptr": -1, "right_nodeptr": -1}], "idx_gps": [[30.673068, 104.057191], [30.633724, 104.038083]], "sum_matrix": [[9375, 3513], [3359, 9374]]}