{"kd_tree_not_leaf_node": [{"hrect": [[30.425545, 103.787085], [30.859744, 104.460757]], "left_nodeptr": 2, "right_nodeptr": 1}, {"hrect": [[30.652701, 103.787085], [30.859744, 104.460757]], "left_nodeptr": -1, "right_nodeptr": -1}, {"hrect": [[30.425545, 103.787085], [30.652701, 104.460757]], "left_nodeptr": -1, "right_nodeptr": -1}], "idx_gps": [[30.672907, 104.002454], [30.632481, 104.043757]], "sum_matrix": [[7414, 2891], [2806, 7414]]}