{"kd_tree_not_leaf_node": [{"hrect": [[30.383061, 103.649703], [30.945209, 104.40805]], "left_nodeptr": 2, "right_nodeptr": 1}, {"hrect": [[30.653203, 103.649703], [30.945209, 104.40805]], "left_nodeptr": -1, "right_nodeptr": -1}, {"hrect": [[30.383061, 103.649703], [30.653203, 104.40805]], "left_nodeptr": -1, "right_nodeptr": -1}], "idx_gps": [[30.674264, 104.044388], [30.633604, 104.093576]], "sum_matrix": [[8421, 3201], [3349, 8420]]}