{"kd_tree_not_leaf_node": [{"hrect": [[30.480005, 103.80545], [30.954231, 104.459602]], "left_nodeptr": 2, "right_nodeptr": 1}, {"hrect": [[30.653648, 103.80545], [30.954231, 104.459602]], "left_nodeptr": -1, "right_nodeptr": -1}, {"hrect": [[30.480005, 103.80545], [30.653648, 104.459602]], "left_nodeptr": -1, "right_nodeptr": -1}], "idx_gps": [[30.673583, 104.055629], [30.635261, 104.148913]], "sum_matrix": [[8706, 3315], [3165, 8705]]}