{"kd_tree_not_leaf_node": [{"hrect": [[30.323163, 103.5953], [30.96998, 104.27132]], "left_nodeptr": 2, "right_nodeptr": 1}, {"hrect": [[30.652, 103.5953], [30.96998, 104.27132]], "left_nodeptr": -1, "right_nodeptr": -1}, {"hrect": [[30.323163, 103.5953], [30.652, 104.27132]], "left_nodeptr": -1, "right_nodeptr": -1}], "idx_gps": [[30.672689, 104.019245], [30.630151, 104.105906]], "sum_matrix": [[7620, 2666], [2835, 7620]]}