{"kd_tree_not_leaf_node": [{"hrect": [[30.36824, 103.604502], [30.97821, 104.557387]], "left_nodeptr": 2, "right_nodeptr": 1}, {"hrect": [[30.653182, 103.604502], [30.97821, 104.557387]], "left_nodeptr": -1, "right_nodeptr": -1}, {"hrect": [[30.36824, 103.604502], [30.653182, 104.557387]], "left_nodeptr": -1, "right_nodeptr": -1}], "idx_gps": [[30.673236, 104.097857], [30.631598, 104.027036]], "sum_matrix": [[7274, 2732], [2786, 7274]]}