{"kd_tree_not_leaf_node": [{"hrect": [[30.388291, 103.526535], [31.007248, 104.396634]], "left_nodeptr": 2, "right_nodeptr": 1}, {"hrect": [[30.653742, 103.526535], [31.007248, 104.396634]], "left_nodeptr": -1, "right_nodeptr": -1}, {"hrect": [[30.388291, 103.526535], [30.653742, 104.396634]], "left_nodeptr": -1, "right_nodeptr": -1}], "idx_gps": [[30.682314, 104.030269], [30.630099, 104.141614]], "sum_matrix": [[2661, 1029], [916, 2661]]}