{"kd_tree_not_leaf_node": [{"hrect": [[30.48913, 103.779731], [30.887347, 104.303621]], "left_nodeptr": 2, "right_nodeptr": 1}, {"hrect": [[30.654285, 103.779731], [30.887347, 104.303621]], "left_nodeptr": -1, "right_nodeptr": -1}, {"hrect": [[30.48913, 103.779731], [30.654285, 104.303621]], "left_nodeptr": -1, "right_nodeptr": -1}], "idx_gps": [[30.677125, 103.964439], [30.628659, 104.144329]], "sum_matrix": [[8005, 2509], [2609, 8005]]}