{"kd_tree_not_leaf_node": [{"hrect": [[30.378844, 103.595387], [30.859298, 104.294933]], "left_nodeptr": 2, "right_nodeptr": 1}, {"hrect": [[30.653348, 103.595387], [30.859298, 104.294933]], "left_nodeptr": -1, "right_nodeptr": -1}, {"hrect": [[30.378844, 103.595387], [30.653348, 104.294933]], "left_nodeptr": -1, "right_nodeptr": -1}], "idx_gps": [[30.675256, 103.99813], [30.629065, 104.076252]], "sum_matrix": [[7124, 2204], [2284, 7124]]}