{"kd_tree_not_leaf_node": [{"hrect": [[30.306685, 103.814967], [30.986595, 104.578201]], "left_nodeptr": 2, "right_nodeptr": 1}, {"hrect": [[30.652563, 103.814967], [30.986595, 104.578201]], "left_nodeptr": -1, "right_nodeptr": -1}, {"hrect": [[30.306685, 103.814967], [30.652563, 104.578201]], "left_nodeptr": -1, "right_nodeptr": -1}], "idx_gps": [[30.672744, 104.040332], [30.630505, 104.049905]], "sum_matrix": [[8371, 2907], [3152, 8371]]}