{"kd_tree_not_leaf_node": [{"hrect": [[30.337254, 103.615298], [30.994273, 104.308124]], "left_nodeptr": 2, "right_nodeptr": 1}, {"hrect": [[30.65135, 103.615298], [30.994273, 104.308124]], "left_nodeptr": -1, "right_nodeptr": -1}, {"hrect": [[30.337254, 103.615298], [30.65135, 104.308124]], "left_nodeptr": -1, "right_nodeptr": -1}], "idx_gps": [[30.672455, 104.086768], [30.626407, 104.144173]], "sum_matrix": [[7742, 2364], [2704, 7741]]}