{"kd_tree_not_leaf_node": [{"hrect": [[30.394095, 103.589784], [30.976595, 104.332746]], "left_nodeptr": 2, "right_nodeptr": 1}, {"hrect": [[30.653411, 103.589784], [30.976595, 104.332746]], "left_nodeptr": -1, "right_nodeptr": -1}, {"hrect": [[30.394095, 103.589784], [30.653411, 104.332746]], "left_nodeptr": -1, "right_nodeptr": -1}], "idx_gps": [[30.672447, 104.098761], [30.633007, 104.001633]], "sum_matrix": [[7537, 2690], [2867, 7536]]}