{"kd_tree_not_leaf_node": [{"hrect": [[30.318597, 103.660073], [30.964614, 104.293042]], "left_nodeptr": 2, "right_nodeptr": 1}, {"hrect": [[30.652712, 103.660073], [30.964614, 104.293042]], "left_nodeptr": -1, "right_nodeptr": -1}, {"hrect": [[30.318597, 103.660073], [30.652712, 104.293042]], "left_nodeptr": -1, "right_nodeptr": -1}], "idx_gps": [[30.673295, 104.043699], [30.628849, 103.988839]], "sum_matrix": [[8502, 2785], [3204, 8501]]}