{"kd_tree_not_leaf_node": [{"hrect": [[30.427487, 103.825417], [30.989995, 104.474049]], "left_nodeptr": 2, "right_nodeptr": 1}, {"hrect": [[30.655931, 103.825417], [30.989995, 104.474049]], "left_nodeptr": -1, "right_nodeptr": -1}, {"hrect": [[30.427487, 103.825417], [30.655931, 104.474049]], "left_nodeptr": -1, "right_nodeptr": -1}], "idx_gps": [[30.681217, 104.038411], [30.633698, 104.066701]], "sum_matrix": [[3877, 1405], [1353, 3877]]}