{"kd_tree_not_leaf_node": [{"hrect": [[30.481447, 103.822992], [30.978219, 104.545904]], "left_nodeptr": 2, "right_nodeptr": 1}, {"hrect": [[30.653587, 103.822992], [30.978219, 104.545904]], "left_nodeptr": -1, "right_nodeptr": -1}, {"hrect": [[30.481447, 103.822992], [30.653587, 104.545904]], "left_nodeptr": -1, "right_nodeptr": -1}], "idx_gps": [[30.674477, 104.028641], [30.634934, 104.034969]], "sum_matrix": [[8799, 3328], [3174, 8798]]}