{"kd_tree_not_leaf_node": [{"hrect": [[30.481783, 103.820207], [30.987121, 104.408219]], "left_nodeptr": 2, "right_nodeptr": 1}, {"hrect": [[30.653913, 103.820207], [30.987121, 104.408219]], "left_nodeptr": -1, "right_nodeptr": -1}, {"hrect": [[30.481783, 103.820207], [30.653913, 104.408219]], "left_nodeptr": -1, "right_nodeptr": -1}], "idx_gps": [[30.678015, 103.997789], [30.632861, 104.054727]], "sum_matrix": [[5458, 2028], [2109, 5458]]}