{"kd_tree_not_leaf_node": [{"hrect": [[30.419798, 103.812784], [30.977465, 104.40875]], "left_nodeptr": 2, "right_nodeptr": 1}, {"hrect": [[30.655902, 103.812784], [30.977465, 104.40875]], "left_nodeptr": -1, "right_nodeptr": -1}, {"hrect": [[30.419798, 103.812784], [30.655902, 104.40875]], "left_nodeptr": -1, "right_nodeptr": -1}], "idx_gps": [[30.680112, 104.088361], [30.634206, 104.041991]], "sum_matrix": [[3745, 1357], [1456, 3745]]}