{"kd_tree_not_leaf_node": [{"hrect": [[30.400351, 103.688482], [31.013203, 104.531512]], "left_nodeptr": 2, "right_nodeptr": 1}, {"hrect": [[30.653456, 103.688482], [31.013203, 104.531512]], "left_nodeptr": -1, "right_nodeptr": -1}, {"hrect": [[30.400351, 103.688482], [30.653456, 104.531512]], "left_nodeptr": -1, "right_nodeptr": -1}], "idx_gps": [[30.67385, 104.077259], [30.633929, 104.05931]], "sum_matrix": [[8924, 3205], [3106, 8921]]}