{"kd_tree_not_leaf_node": [{"hrect": [[30.411643, 103.898353], [30.978288, 104.409174]], "left_nodeptr": 2, "right_nodeptr": 1}, {"hrect": [[30.653111, 103.898353], [30.978288, 104.409174]], "left_nodeptr": -1, "right_nodeptr": -1}, {"hrect": [[30.411643, 103.898353], [30.653111, 104.409174]], "left_nodeptr": -1, "right_nodeptr": -1}], "idx_gps": [[30.674712, 103.999641], [30.631839, 104.097962]], "sum_matrix": [[7850, 2637], [2709, 7850]]}