{"kd_tree_not_leaf_node": [{"hrect": [[30.475773, 103.832445], [30.979835, 104.408372]], "left_nodeptr": 2, "right_nodeptr": 1}, {"hrect": [[30.651987, 103.832445], [30.979835, 104.408372]], "left_nodeptr": -1, "right_nodeptr": -1}, {"hrect": [[30.475773, 103.832445], [30.651987, 104.408372]], "left_nodeptr": -1, "right_nodeptr": -1}], "idx_gps": [[30.672752, 104.067411], [30.629891, 104.038848]], "sum_matrix": [[7761, 2840], [2872, 7761]]}