{"kd_tree_not_leaf_node": [{"hrect": [[30.424305, 103.793525], [30.888285, 104.539624]], "left_nodeptr": 2, "right_nodeptr": 1}, {"hrect": [[30.653476, 103.793525], [30.888285, 104.539624]], "left_nodeptr": -1, "right_nodeptr": -1}, {"hrect": [[30.424305, 103.793525], [30.653476, 104.539624]], "left_nodeptr": -1, "right_nodeptr": -1}], "idx_gps": [[30.672637, 104.040358], [30.636109, 104.126983]], "sum_matrix": [[9468, 3408], [3361, 9468]]}