{"kd_tree_not_leaf_node": [{"hrect": [[30.36545, 103.74439], [30.866687, 104.573825]], "left_nodeptr": 2, "right_nodeptr": 1}, {"hrect": [[30.651964, 103.74439], [30.866687, 104.573825]], "left_nodeptr": -1, "right_nodeptr": -1}, {"hrect": [[30.36545, 103.74439], [30.651964, 104.573825]], "left_nodeptr": -1, "right_nodeptr": -1}], "idx_gps": [[30.673177, 104.057169], [30.630205, 104.138799]], "sum_matrix": [[8465, 2756], [2926, 8465]]}