{"kd_tree_not_leaf_node": [{"hrect": [[30.397752, 103.821688], [30.890471, 104.541752]], "left_nodeptr": 2, "right_nodeptr": 1}, {"hrect": [[30.654523, 103.821688], [30.890471, 104.541752]], "left_nodeptr": -1, "right_nodeptr": -1}, {"hrect": [[30.397752, 103.821688], [30.654523, 104.541752]], "left_nodeptr": -1, "right_nodeptr": -1}], "idx_gps": [[30.676603, 104.107859], [30.630622, 104.153622]], "sum_matrix": [[6637, 2116], [2048, 6636]]}