{"kd_tree_not_leaf_node": [{"hrect": [[30.344834, 103.664099], [31.014687, 104.287098]], "left_nodeptr": 2, "right_nodeptr": 1}, {"hrect": [[30.65315, 103.664099], [31.014687, 104.287098]], "left_nodeptr": -1, "right_nodeptr": -1}, {"hrect": [[30.344834, 103.664099], [30.65315, 104.287098]], "left_nodeptr": -1, "right_nodeptr": -1}], "idx_gps": [[30.677625, 104.00296], [30.631036, 104.026439]], "sum_matrix": [[5762, 2122], [2058, 5762]]}