{"kd_tree_not_leaf_node": [{"hrect": [[30.446031, 103.824915], [30.971104, 104.280834]], "left_nodeptr": 2, "right_nodeptr": 1}, {"hrect": [[30.653068, 103.824915], [30.971104, 104.280834]], "left_nodeptr": -1, "right_nodeptr": -1}, {"hrect": [[30.446031, 103.824915], [30.653068, 104.280834]], "left_nodeptr": -1, "right_nodeptr": -1}], "idx_gps": [[30.673017, 104.136621], [30.632025, 104.017043]], "sum_matrix": [[7897, 2599], [2839, 7897]]}