{"kd_tree_not_leaf_node": [{"hrect": [[30.474837, 103.517755], [30.818634, 104.303548]], "left_nodeptr": 2, "right_nodeptr": 1}, {"hrect": [[30.65324, 103.517755], [30.818634, 104.303548]], "left_nodeptr": -1, "right_nodeptr": -1}, {"hrect": [[30.474837, 103.517755], [30.65324, 104.303548]], "left_nodeptr": -1, "right_nodeptr": -1}], "idx_gps": [[30.672892, 104.068509], [30.633713, 104.01916]], "sum_matrix": [[9513, 3379], [3477, 9513]]}