{"kd_tree_not_leaf_node": [{"hrect": [[30.425838, 103.756237], [30.991082, 104.268188]], "left_nodeptr": 2, "right_nodeptr": 1}, {"hrect": [[30.652217, 103.756237], [30.991082, 104.268188]], "left_nodeptr": -1, "right_nodeptr": -1}, {"hrect": [[30.425838, 103.756237], [30.652217, 104.268188]], "left_nodeptr": -1, "right_nodeptr": -1}], "idx_gps": [[30.68053, 104.085701], [30.629736, 104.117327]], "sum_matrix": [[2901, 1380], [939, 2901]]}