{"kd_tree_not_leaf_node": [{"hrect": [[30.414897, 103.648661], [30.99111, 104.4487]], "left_nodeptr": 2, "right_nodeptr": 1}, {"hrect": [[30.654502, 103.648661], [30.99111, 104.4487]], "left_nodeptr": -1, "right_nodeptr": -1}, {"hrect": [[30.414897, 103.648661], [30.654502, 104.4487]], "left_nodeptr": -1, "right_nodeptr": -1}], "idx_gps": [[30.679361, 104.118728], [30.63223, 104.004628]], "sum_matrix": [[4007, 1546], [1445, 4007]]}