{"kd_tree_not_leaf_node": [{"hrect": [[30.300152, 103.521119], [30.889598, 104.393428]], "left_nodeptr": 2, "right_nodeptr": 1}, {"hrect": [[30.652426, 103.521119], [30.889598, 104.393428]], "left_nodeptr": -1, "right_nodeptr": -1}, {"hrect": [[30.300152, 103.521119], [30.652426, 104.393428]], "left_nodeptr": -1, "right_nodeptr": -1}], "idx_gps": [[30.674172, 104.041604], [30.63284, 104.044601]], "sum_matrix": [[8536, 3371], [3385, 8536]]}