{"kd_tree_not_leaf_node": [{"hrect": [[30.387926, 103.527519], [30.941304, 104.40805]], "left_nodeptr": 2, "right_nodeptr": 1}, {"hrect": [[30.653211, 103.527519], [30.941304, 104.40805]], "left_nodeptr": -1, "right_nodeptr": -1}, {"hrect": [[30.387926, 103.527519], [30.653211, 104.40805]], "left_nodeptr": -1, "right_nodeptr": -1}], "idx_gps": [[30.673742, 104.055762], [30.634143, 104.07616]], "sum_matrix": [[9342, 3561], [3495, 9341]]}