{"kd_tree_not_leaf_node": [{"hrect": [[30.480967, 103.517755], [30.977883, 104.30111]], "left_nodeptr": 2, "right_nodeptr": 1}, {"hrect": [[30.652821, 103.517755], [30.977883, 104.30111]], "left_nodeptr": -1, "right_nodeptr": -1}, {"hrect": [[30.480967, 103.517755], [30.652821, 104.30111]], "left_nodeptr": -1, "right_nodeptr": -1}], "idx_gps": [[30.67421, 104.064738], [30.633634, 104.043327]], "sum_matrix": [[10341, 3763], [3835, 10341]]}