{"kd_tree_not_leaf_node": [{"hrect": [[30.394456, 103.761329], [30.860515, 104.408006]], "left_nodeptr": 2, "right_nodeptr": 1}, {"hrect": [[30.652687, 103.761329], [30.860515, 104.408006]], "left_nodeptr": -1, "right_nodeptr": -1}, {"hrect": [[30.394456, 103.761329], [30.652687, 104.408006]], "left_nodeptr": -1, "right_nodeptr": -1}], "idx_gps": [[30.673187, 104.062614], [30.629814, 104.0665]], "sum_matrix": [[8399, 2887], [3360, 8399]]}