{"kd_tree_not_leaf_node": [{"hrect": [[30.47639, 103.599217], [30.852601, 104.322213]], "left_nodeptr": 2, "right_nodeptr": 1}, {"hrect": [[30.652355, 103.599217], [30.852601, 104.322213]], "left_nodeptr": -1, "right_nodeptr": -1}, {"hrect": [[30.47639, 103.599217], [30.652355, 104.322213]], "left_nodeptr": -1, "right_nodeptr": -1}], "idx_gps": [[30.67603, 104.095614], [30.628546, 104.004063]], "sum_matrix": [[6593, 2169], [2091, 6593]]}