{"kd_tree_not_leaf_node": [{"hrect": [[30.481645, 103.679698], [30.879566, 104.40805]], "left_nodeptr": 2, "right_nodeptr": 1}, {"hrect": [[30.653572, 103.679698], [30.879566, 104.40805]], "left_nodeptr": -1, "right_nodeptr": -1}, {"hrect": [[30.481645, 103.679698], [30.653572, 104.40805]], "left_nodeptr": -1, "right_nodeptr": -1}], "idx_gps": [[30.673538, 104.06561], [30.633296, 104.067099]], "sum_matrix": [[7633, 2712], [2946, 7632]]}