{"kd_tree_not_leaf_node": [{"hrect": [[30.496269, 103.605167], [30.889344, 104.289494]], "left_nodeptr": 2, "right_nodeptr": 1}, {"hrect": [[30.653453, 103.605167], [30.889344, 104.289494]], "left_nodeptr": -1, "right_nodeptr": -1}, {"hrect": [[30.496269, 103.605167], [30.653453, 104.289494]], "left_nodeptr": -1, "right_nodeptr": -1}], "idx_gps": [[30.673344, 104.062018], [30.633044, 104.093936]], "sum_matrix": [[7212, 2704], [2695, 7212]]}