{"kd_tree_not_leaf_node": [{"hrect": [[30.476452, 103.798826], [30.890192, 104.285584]], "left_nodeptr": 2, "right_nodeptr": 1}, {"hrect": [[30.654141, 103.798826], [30.890192, 104.285584]], "left_nodeptr": -1, "right_nodeptr": -1}, {"hrect": [[30.476452, 103.798826], [30.654141, 104.285584]], "left_nodeptr": -1, "right_nodeptr": -1}], "idx_gps": [[30.673549, 104.053041], [30.634332, 104.077547]], "sum_matrix": [[7437, 2612], [2958, 7437]]}