{"kd_tree_not_leaf_node": [{"hrect": [[30.491749, 103.855925], [30.841351, 104.378932]], "left_nodeptr": 2, "right_nodeptr": 1}, {"hrect": [[30.653113, 103.855925], [30.841351, 104.378932]], "left_nodeptr": -1, "right_nodeptr": -1}, {"hrect": [[30.491749, 103.855925], [30.653113, 104.378932]], "left_nodeptr": -1, "right_nodeptr": -1}], "idx_gps": [[30.675481, 104.121275], [30.629746, 104.075207]], "sum_matrix": [[6682, 2116], [2153, 6682]]}