{"kd_tree_not_leaf_node": [{"hrect": [[30.373006, 103.64356], [31.005101, 104.258149]], "left_nodeptr": 2, "right_nodeptr": 1}, {"hrect": [[30.652238, 103.64356], [31.005101, 104.258149]], "left_nodeptr": -1, "right_nodeptr": -1}, {"hrect": [[30.373006, 103.64356], [30.652238, 104.258149]], "left_nodeptr": -1, "right_nodeptr": -1}], "idx_gps": [[30.674746, 104.033518], [30.629244, 104.155022]], "sum_matrix": [[7309, 2406], [2438, 7309]]}