{"kd_tree_not_leaf_node": [{"hrect": [[30.352335, 103.613917], [30.99008, 104.269479]], "left_nodeptr": 2, "right_nodeptr": 1}, {"hrect": [[30.654697, 103.613917], [30.99008, 104.269479]], "left_nodeptr": -1, "right_nodeptr": -1}, {"hrect": [[30.352335, 103.613917], [30.654697, 104.269479]], "left_nodeptr": -1, "right_nodeptr": -1}], "idx_gps": [[30.679924, 103.991061], [30.632775, 104.04471]], "sum_matrix": [[4934, 1867], [1807, 4934]]}