{"kd_tree_not_leaf_node": [{"hrect": [[30.481107, 103.805735], [30.986572, 104.413591]], "left_nodeptr": 2, "right_nodeptr": 1}, {"hrect": [[30.652873, 103.805735], [30.986572, 104.413591]], "left_nodeptr": -1, "right_nodeptr": -1}, {"hrect": [[30.481107, 103.805735], [30.652873, 104.413591]], "left_nodeptr": -1, "right_nodeptr": -1}], "idx_gps": [[30.681449, 104.119576], [30.629995, 104.142216]], "sum_matrix": [[2883, 1226], [930, 2882]]}