{"kd_tree_not_leaf_node": [{"hrect": [[30.32421, 103.837809], [30.988343, 104.265518]], "left_nodeptr": 2, "right_nodeptr": 1}, {"hrect": [[30.652461, 103.837809], [30.988343, 104.265518]], "left_nodeptr": -1, "right_nodeptr": -1}, {"hrect": [[30.32421, 103.837809], [30.652461, 104.265518]], "left_nodeptr": -1, "right_nodeptr": -1}], "idx_gps": [[30.6727, 104.021709], [30.631189, 104.040152]], "sum_matrix": [[8023, 2935], [3163, 8023]]}