{"kd_tree_not_leaf_node": [{"hrect": [[30.474341, 103.588522], [30.972025, 104.394583]], "left_nodeptr": 2, "right_nodeptr": 1}, {"hrect": [[30.653135, 103.588522], [30.972025, 104.394583]], "left_nodeptr": -1, "right_nodeptr": -1}, {"hrect": [[30.474341, 103.588522], [30.653135, 104.394583]], "left_nodeptr": -1, "right_nodeptr": -1}], "idx_gps": [[30.673367, 104.043664], [30.631668, 104.034999]], "sum_matrix": [[8397, 3119], [3273, 8395]]}