{"kd_tree_not_leaf_node": [{"hrect": [[30.413325, 103.604271], [30.889549, 104.408181]], "left_nodeptr": 2, "right_nodeptr": 1}, {"hrect": [[30.653568, 103.604271], [30.889549, 104.408181]], "left_nodeptr": -1, "right_nodeptr": -1}, {"hrect": [[30.413325, 103.604271], [30.653568, 104.408181]], "left_nodeptr": -1, "right_nodeptr": -1}], "idx_gps": [[30.672652, 104.052466], [30.633538, 104.066728]], "sum_matrix": [[7596, 2829], [2970, 7595]]}