{"kd_tree_not_leaf_node": [{"hrect": [[30.318718, 103.560945], [30.987893, 104.358714]], "left_nodeptr": 2, "right_nodeptr": 1}, {"hrect": [[30.652574, 103.560945], [30.987893, 104.358714]], "left_nodeptr": -1, "right_nodeptr": -1}, {"hrect": [[30.318718, 103.560945], [30.652574, 104.358714]], "left_nodeptr": -1, "right_nodeptr": -1}], "idx_gps": [[30.673457, 104.070273], [30.629789, 104.076322]], "sum_matrix": [[7838, 2870], [2907, 7838]]}