{"kd_tree_not_leaf_node": [{"hrect": [[30.477102, 103.81942], [30.941497, 104.307847]], "left_nodeptr": 2, "right_nodeptr": 1}, {"hrect": [[30.653023, 103.81942], [30.941497, 104.307847]], "left_nodeptr": -1, "right_nodeptr": -1}, {"hrect": [[30.477102, 103.81942], [30.653023, 104.307847]], "left_nodeptr": -1, "right_nodeptr": -1}], "idx_gps": [[30.673207, 104.066878], [30.631744, 104.003489]], "sum_matrix": [[8122, 3047], [3123, 8121]]}