{"kd_tree_not_leaf_node": [{"hrect": [[30.442593, 103.670231], [30.986311, 104.393232]], "left_nodeptr": 2, "right_nodeptr": 1}, {"hrect": [[30.652447, 103.670231], [30.986311, 104.393232]], "left_nodeptr": -1, "right_nodeptr": -1}, {"hrect": [[30.442593, 103.670231], [30.652447, 104.393232]], "left_nodeptr": -1, "right_nodeptr": -1}], "idx_gps": [[30.674102, 104.065289], [30.630389, 104.074825]], "sum_matrix": [[8264, 2678], [2959, 8264]]}