{"kd_tree_not_leaf_node": [{"hrect": [[30.427799, 103.694452], [30.83681, 104.313239]], "left_nodeptr": 2, "right_nodeptr": 1}, {"hrect": [[30.652495, 103.694452], [30.83681, 104.313239]], "left_nodeptr": -1, "right_nodeptr": -1}, {"hrect": [[30.427799, 103.694452], [30.652495, 104.313239]], "left_nodeptr": -1, "right_nodeptr": -1}], "idx_gps": [[30.675037, 104.111499], [30.62965, 104.074298]], "sum_matrix": [[7884, 2613], [2878, 7882]]}