{"kd_tree_not_leaf_node": [{"hrect": [[30.323183, 103.464432], [30.97868, 104.43904]], "left_nodeptr": 2, "right_nodeptr": 1}, {"hrect": [[30.65288, 103.464432], [30.97868, 104.43904]], "left_nodeptr": -1, "right_nodeptr": -1}, {"hrect": [[30.323183, 103.464432], [30.65288, 104.43904]], "left_nodeptr": -1, "right_nodeptr": -1}], "idx_gps": [[30.673016, 104.057174], [30.63221, 103.993153]], "sum_matrix": [[7445, 2887], [2849, 7445]]}