{"kd_tree_not_leaf_node": [{"hrect": [[30.327664, 103.759596], [30.882655, 104.257755]], "left_nodeptr": 2, "right_nodeptr": 1}, {"hrect": [[30.652432, 103.759596], [30.882655, 104.257755]], "left_nodeptr": -1, "right_nodeptr": -1}, {"hrect": [[30.327664, 103.759596], [30.652432, 104.257755]], "left_nodeptr": -1, "right_nodeptr": -1}], "idx_gps": [[30.674147, 104.065051], [30.629679, 104.062775]], "sum_matrix": [[7935, 2789], [2856, 7935]]}