{"kd_tree_not_leaf_node": [{"hrect": [[30.393576, 103.475867], [30.991481, 104.48025]], "left_nodeptr": 2, "right_nodeptr": 1}, {"hrect": [[30.653075, 103.475867], [30.991481, 104.48025]], "left_nodeptr": -1, "right_nodeptr": -1}, {"hrect": [[30.393576, 103.475867], [30.653075, 104.48025]], "left_nodeptr": -1, "right_nodeptr": -1}], "idx_gps": [[30.672486, 104.124332], [30.63167, 104.03014]], "sum_matrix": [[7820, 2906], [2937, 7820]]}