{"kd_tree_not_leaf_node": [{"hrect": [[30.426419, 103.672981], [30.98673, 104.270675]], "left_nodeptr": 2, "right_nodeptr": 1}, {"hrect": [[30.6525, 103.672981], [30.98673, 104.270675]], "left_nodeptr": -1, "right_nodeptr": -1}, {"hrect": [[30.426419, 103.672981], [30.6525, 104.270675]], "left_nodeptr": -1, "right_nodeptr": -1}], "idx_gps": [[30.681185, 104.029945], [30.629818, 104.099861]], "sum_matrix": [[2527, 1049], [827, 2527]]}