{"kd_tree_not_leaf_node": [{"hrect": [[30.342508, 103.671244], [30.866851, 104.391175]], "left_nodeptr": 2, "right_nodeptr": 1}, {"hrect": [[30.652527, 103.671244], [30.866851, 104.391175]], "left_nodeptr": -1, "right_nodeptr": -1}, {"hrect": [[30.342508, 103.671244], [30.652527, 104.391175]], "left_nodeptr": -1, "right_nodeptr": -1}], "idx_gps": [[30.673607, 104.04036], [30.630333, 104.139015]], "sum_matrix": [[8287, 2927], [3214, 8287]]}