{"kd_tree_not_leaf_node": [{"hrect": [[30.321831, 103.47309], [30.980994, 104.294026]], "left_nodeptr": 2, "right_nodeptr": 1}, {"hrect": [[30.652633, 103.47309], [30.980994, 104.294026]], "left_nodeptr": -1, "right_nodeptr": -1}, {"hrect": [[30.321831, 103.47309], [30.652633, 104.294026]], "left_nodeptr": -1, "right_nodeptr": -1}], "idx_gps": [[30.67314, 104.058099], [30.631017, 104.054035]], "sum_matrix": [[8044, 2805], [3026, 8044]]}